"Players","Country","Age","Specialism","Batting_Style","Bowling_Style","Test_caps","ODI_caps","T20_caps","IPL_PLAYED","Previous_IPLTeam","2021_Team","2021_IPL_played","C_U","Team"
"R Ashwin","India","35","ALLROUNDER","RHB","RIGHT ARM Off Spin","84","112","51","167","CSK, RSP, KXIP, DC","DC","13","Capped","RR"
"Trent Boult","New Zealand","32","BOWLER","RHB","LEFT ARM Fast Medium","74","93","44","62","SRH, KKR, DD,MI","MI","14","Capped","RR"
"Pat Cummins","Australia","28","ALLROUNDER","RHB","RIGHT ARM Fast","38","69","37","37","DD, MI, KKR","KKR","7","Capped","KKR"
"Quinton De Kock","South Africa","29","WICKETKEEPER","LHB","na","54","125","61","77","SRH, DD, RCB, MI","MI","11","Capped","LSG"
"Shikhar Dhawan","India","36","BATSMAN","LHB","na","34","146","68","192","DCH, MI, SRH, DC","DC","16","Capped","PK"
"Faf Du Plessis","South Africa","37","BATSMAN","RHB","RIGHT ARM Leg Spin","69","143","50","100","RPS, CSK","CSK","16","Capped","RCB"
"Shreyas Iyer","India","27","BATSMAN","RHB","RIGHT ARM Leg Spin","2","23","32","87","DC","DC","8","Capped","KKR"
"Kagiso Rabada","South Africa","26","BOWLER","LHB","RIGHT ARM Fast","50","82","40","50","DC","DC","15","Capped","PK"
"Mohammad Shami","India","32","BOWLER","RHB","RIGHT ARM Fast","57","79","17","77","DCH, KKR, DD, PBKS","PBKS","14","Capped","GT"
"David Warner","Australia","35","BATSMAN","LHB","na","91","128","88","150","DD, SRH","SRH","8","Capped","DC"
"Shimron Hetmyer","West Indies","25","BATSMAN","LHB","RIGHT ARM Leg Spin","16","47","42","31","RCB, DC","DC","14","Capped","RR"
"David Miller","South Africa","32","BATSMAN","LHB","na","0","138","95","89","KXIP, RR","RR","9","Capped","GT"
"Devdutt Padikkal","India","21","BATSMAN","LHB","RIGHT ARM Off Spin","0","0","2","29","RCB","RCB","14","Capped","RR"
"Manish Pandey","India","32","BATSMAN","RHB","RIGHT ARM Off Spin","0","29","39","154","MI, RCB, PWI, KKR, SRH","SRH","8","Capped","LSG"
"Suresh Raina","India","35","BATSMAN","LHB","RIGHT ARM Off Spin","18","226","78","205","CSK, GL","CSK","12","Capped","UnSold"
"Jason Roy","England","31","BATSMAN","RHB","na","5","98","53","13","GL, DC, SRH","SRH","5","Capped","GT"
"Steve Smith","Australia","32","BATSMAN","RHB","na","82","128","52","103","PWI, RPS, RR, DC","DC","8","Capped","UnSold"
"Robin Uthappa","India","36","BATSMAN","RHB","na","0","46","13","193","MI, PWI, RCB, KKR, RR, CSK","CSK","4","Capped","CSK"
"Shakib Al Hasan","Bangladesh","35","ALLROUNDER","LHB","LEFT ARM Slow Orthodox","59","215","94","71","SRH, KKR","KKR","8","Capped","UnSold"
"Dwayne Bravo","West Indies","38","ALLROUNDER","RHB","RIGHT ARM Fast Medium","40","164","91","151","MI, GL, CSK","CSK","11","Capped","CSK"
"Wanindu Hasaranga","Sri Lanka","24","ALLROUNDER","RHB","RIGHT ARM Leg Spin","4","29","33","2","RCB","RCB","2","Capped","RCB"
"Jason Holder","West Indies","30","ALLROUNDER","RHB","RIGHT ARM Fast","53","124","30","26","CSK, KKR, SRH","SRH","8","Capped","LSG"
"Mitchell Marsh","Australia","30","ALLROUNDER","RHB","RIGHT ARM Fast Medium","32","63","36","21","DCH, PWI, RPS, SRH","Do No Play","0","Capped","DC"
"Mohammad Nabi","Afghanistan","37","ALLROUNDER","RHB","RIGHT ARM Off Spin","3","127","86","17","SRH","SRH","3","Capped","KKR"
"Krunal Pandya","India","31","ALLROUNDER","LHB","LEFT ARM Slow Orthodox","0","5","19","84","MI","MI","13","Capped","LSG"
"Harshal Patel","India","31","ALLROUNDER","RHB","RIGHT ARM Fast Medium","0","0","2","63","DC, RCB","RCB","15","Capped","RCB"
"Nitish Rana","India","28","ALLROUNDER","LHB","RIGHT ARM Off Spin","0","1","2","77","MI, KKR","KKR","17","Capped","KKR"
"Washington Sundar","India","22","ALLROUNDER","LHB","RIGHT ARM Off Spin","4","1","31","42","RCB","RCB","6","Capped","SRH"
"Jonny Bairstow","England","32","WICKETKEEPER","RHB","na","80","89","63","28","SRH","SRH","7","Capped","PK"
"Sam Billings","England","30","WICKETKEEPER","RHB","na","1","25","33","22","CSK, DC","DC","0","Capped","KKR"
"Dinesh Karthik","India","36","WICKETKEEPER","RHB","na","26","94","32","213","KXIP, MI, DD, RCB, GL, KKR","KKR","17","Capped","RCB"
"Ishan Kishan","India","23","WICKETKEEPER","LHB","na","0","2","5","61","GL , MI","MI","10","Capped","MI"
"Nicholas Pooran","West Indies","26","WICKETKEEPER","LHB","na","0","34","49","33","MI, PBKS","PBKS","12","Capped","SRH"
"Ambati Rayudu","India","36","WICKETKEEPER","RHB","na","0","55","6","175","MI, CSK","CSK","16","Capped","CSK"
"Wriddhiman Saha","India","37","WICKETKEEPER","RHB","na","40","9","0","133","KKR, CSK, KXIP, SRH","SRH","9","Capped","GT"
"Matthew Wade","Australia","34","WICKETKEEPER","LHB","na","36","97","55","3","DD","Do No Play","0","Capped","GT"
"Deepak Chahar","India","29","BOWLER","RHB","RIGHT ARM Fast Medium","0","5","17","63","RPS, CSK","CSK","15","Capped","CSK"
"Lockie Ferguson","New Zealand","30","BOWLER","RHB","RIGHT ARM Fast","1","37","15","22","RPS, KKR","KKR","8","Capped","GT"
"Josh Hazlewood","Australia","31","BOWLER","LHB","RIGHT ARM Fast","56","56","24","12","CSK","CSK","9","Capped","RCB"
"Prasidh Krishna","India","26","BOWLER","RHB","RIGHT ARM Fast","0","3","0","34","KKR","KKR","10","Capped","RR"
"Bhuvneshwar Kumar","India","32","BOWLER","RHB","RIGHT ARM Fast Medium","21","120","55","132","PWI, SRH","SRH","11","Capped","SRH"
"T Natarajan","India","30","BOWLER","LHB","LEFT ARM Fast","1","2","4","24","KXIP, SRH","SRH","2","Capped","SRH"
"Mustafizur Rahman","Bangladesh","26","BOWLER","LHB","LEFT ARM Fast Medium","14","68","61","38","SRH, MI, RR","RR","14","Capped","DC"
"Shardul Thakur","India","30","BOWLER","RHB","RIGHT ARM Fast Medium","7","16","24","61","KXIP, RPS, CSK","CSK","16","Capped","DC"
"Mark Wood","England","32","BOWLER","RHB","RIGHT ARM Fast","25","57","19","1","CSK","Do No Play","0","Capped","LSG"
"Umesh Yadav","India","34","BOWLER","RHB","RIGHT ARM Fast","52","75","7","121","DD, KKR,RCB,DC","DC","0","Capped","KKR"
"Yuzvendra Chahal","India","31","BOWLER","RHB","RIGHT ARM Leg Spin","0","56","50","114","MI,RCB","RCB","15","Capped","RR"
"Rahul Chahar","India","22","BOWLER","RHB","RIGHT ARM Leg Spin","0","1","6","42","RPS, MI","MI","11","Capped","PK"
"Amit Mishra","India","39","BOWLER","RHB","RIGHT ARM Leg Spin","22","36","10","154","DCH, SRH, DC","DC","4","Capped","UnSold"
"Adil Rashid","England","34","BOWLER","RHB","RIGHT ARM Leg Spin","19","112","68","1","Do No Play","PBKS","1","Capped","UnSold"
"Imran Tahir","South Africa","43","BOWLER","RHB","RIGHT ARM Leg Spin","20","107","38","59","DD, RPS, CSK","CSK","1","Capped","UnSold"
"Kuldeep Yadav","India","27","BOWLER","LHB","LEFT ARM Slow Unorthodox","7","65","23","45","KKR","KKR","0","Capped","DC"
"Mujeeb Zadran","Afghanistan","21","BOWLER","RHB","RIGHT ARM Off Spin","1","43","22","19","KXIP, SRH","SRH","1","Capped","UnSold"
"Adam Zampa","Australia","29","BOWLER","RHB","RIGHT ARM Leg Spin","0","64","57","14","RPS, RCB","RCB","0","Capped","UnSold"
"Dewald Brevis","South Africa","18","BATSMAN","RHB","RIGHT ARM Leg Spin","0","0","0","0","Do No Play","Do No Play","0","Uncapped","MI"
"Priyam Garg","India","21","BATSMAN","RHB","RIGHT ARM Off Spin","0","0","0","19","SRH","SRH","5","Uncapped","SRH"
"Ashwin Hebbar","India","26","BATSMAN","RHB","RIGHT ARM Medium","0","0","0","0","Do No Play","Do No Play","0","Uncapped","DC"
"CHari Nishaanth","India","25","BATSMAN","LHB","RIGHT ARM Off Spin","0","0","0","0","CSK","CSK","0","Uncapped","CSK"
"Rajat Patidar","India","28","BATSMAN","RHB","RIGHT ARM Off Spin","0","0","0","4","RCB","RCB","4","Uncapped","UnSold"
"Abhinav Sadarangani","India","27","BATSMAN","RHB","RIGHT ARM Leg Spin","0","0","0","0","Do No Play","Do No Play","0","Uncapped","GT"
"Anmolpreet Singh","India","24","BATSMAN","RHB","RIGHT ARM Off Spin","0","0","0","1","MI","MI","1","Uncapped","MI"
"Rahul Tripathi","India","31","BATSMAN","RHB","RIGHT ARM Medium","0","0","0","62","RPS, RR, KKR","KKR","17","Uncapped","SRH"
"Shahbaz Ahamad","India","27","ALLROUNDER","LHB","LEFT ARM Slow Orthodox","0","0","0","13","RCB","RCB","11","Uncapped","RCB"
"Harpreet Brar","India","26","ALLROUNDER","LHB","LEFT ARM Slow Orthodox","0","0","0","10","PBKS","PBKS","7","Uncapped","PK"
"Deepak Hooda","India","26","ALLROUNDER","RHB","RIGHT ARM Off Spin","0","0","0","80","RR, SRH, PBKS","PBKS","12","Uncapped","LSG"
"Sarfaraz Khan","India","24","ALLROUNDER","RHB","RIGHT ARM Leg Spin","0","0","0","40","RCB,PBKS","PBKS","2","Uncapped","DC"
"Shahrukh Khan","India","26","ALLROUNDER","RHB","RIGHT ARM Off Spin","0","0","0","11","PBKS","PBKS","11","Uncapped","PK"
"Shivam Mavi","India","23","ALLROUNDER","RHB","RIGHT ARM Fast Medium","0","0","0","26","KKR","KKR","9","Uncapped","KKR"
"Kamlesh Nagarkoti","India","22","ALLROUNDER","RHB","RIGHT ARM Fast Medium","0","0","0","11","KKR","KKR","1","Uncapped","DC"
"Riyan Parag","India","20","ALLROUNDER","RHB","RIGHT ARM Off Spin","0","0","0","30","RR","RR","11","Uncapped","RR"
"Abhishek Sharma","India","21","ALLROUNDER","LHB","LEFT ARM Slow Orthodox","0","0","0","22","SRH","SRH","8","Uncapped","SRH"
"Rahul Tewatia","India","28","ALLROUNDER","LHB","RIGHT ARM Leg Spin","0","0","0","48","KXIP,DC, RR","RR","14","Uncapped","GT"
"Mohammed Azharuddeen","India","28","WICKETKEEPER","RHB","na","0","0","0","0","RCB","RCB","0","Uncapped","UnSold"
"KS Bharat","India","28","WICKETKEEPER","RHB","na","0","0","0","8","DD, RCB","RCB","8","Uncapped","DC"
"Sheldon Jackson","India","35","WICKETKEEPER","RHB","na","0","0","0","4","KKR","KKR","0","Uncapped","KKR"
"N Jagadeesan","India","26","WICKETKEEPER","RHB","na","0","0","0","5","CSK","CSK","0","Uncapped","CSK"
"Anuj Rawat","India","22","WICKETKEEPER","LHB","na","0","0","0","2","RR","RR","2","Uncapped","RCB"
"Jitesh Sharma","India","28","WICKETKEEPER","RHB","na","0","0","0","0","MI","Do No Play","0","Uncapped","PK"
"Prabhsimran Singh","India","21","WICKETKEEPER","RHB","na","0","0","0","5","PBKS","PBKS","2","Uncapped","PK"
"Vishnu Solanki","India","29","WICKETKEEPER","RHB","na","0","0","0","0","Do No Play","Do No Play","0","Uncapped","UnSold"
"Vishnu Vinod","India","28","WICKETKEEPER","RHB","na","0","0","0","3","RCB, DC","DC","0","Uncapped","SRH"
"KM Asif","India","28","BOWLER","RHB","RIGHT ARM Fast","0","0","0","3","CSK","CSK","1","Uncapped","CSK"
"Akash Deep","India","25","BOWLER","RHB","RIGHT ARM Fast Medium","0","0","0","0","RCB","RCB","0","Uncapped","RCB"
"Tushar Deshpande","India","26","BOWLER","LHB","RIGHT ARM Fast","0","0","0","5","DC","Do No Play","0","Uncapped","CSK"
"Avesh Khan","India","25","BOWLER","RHB","RIGHT ARM Fast","0","0","0","25","DC","DC","16","Uncapped","LSG"
"Ishan Porel","India","23","BOWLER","RHB","RIGHT ARM Fast Medium","0","0","0","1","PBKS","PBKS","1","Uncapped","PK"
"Ankit Singh Rajpoot","India","28","BOWLER","RHB","RIGHT ARM Fast Medium","0","0","0","29","CSK, KKR, RR, KXIP","Do No Play","0","Uncapped","LSG"
"Basil Thampi","India","28","BOWLER","RHB","RIGHT ARM Fast Medium","0","0","0","20","GL, SRH","SRH","0","Uncapped","MI"
"Kartik Tyagi","India","21","BOWLER","RHB","RIGHT ARM Fast Medium","0","0","0","14","RR","RR","4","Uncapped","SRH"
"Noor Ahmad","Afghanistan","17","BOWLER","RHB","LEFT ARM Slow Unorthodox","0","0","0","0","Do No Play","Do No Play","0","Uncapped","GT"
"Murugan Ashwin","India","31","BOWLER","RHB","RIGHT ARM Leg Spin","0","0","0","34","RPS, DD, RCB, PBKS","PBKS","3","Uncapped","MI"
"KC Cariappa","India","27","BOWLER","RHB","RIGHT ARM Leg Spin","0","0","0","11","KKR, KXIP, RR","RR","0","Uncapped","RR"
"Shreyas Gopal","India","28","BOWLER","RHB","RIGHT ARM Leg Spin","0","0","0","48","MI, RR","RR","3","Uncapped","SRH"
"Sandeep Lamichhane","Nepal","21","BOWLER","RHB","RIGHT ARM Leg Spin","0","0","0","9","DC","Do No Play","0","Associate","UnSold"
"R Sai Kishore","India","25","BOWLER","LHB","LEFT ARM Slow Orthodox","0","0","0","0","CSK","CSK","0","Uncapped","GT"
"M Siddharth","India","23","BOWLER","RHB","LEFT ARM Slow Orthodox","0","0","0","0","KKR, DC","DC","0","Uncapped","UnSold"
"Jagadeesha Suchith","India","28","BOWLER","LHB","LEFT ARM Slow Orthodox","0","0","0","17","MI, DC, KXIP, SRH","SRH","2","Uncapped","SRH"
"Aaron Finch","Australia","35","BATSMAN","RHB","LEFT ARM Slow Orthodox","5","132","83","87","RR, DD, PWI, SRH, MI, GL, KXIP, RCB","Do No Play","0","Capped","UnSold"
"Marnus Labuschagne","Australia","27","BATSMAN","RHB","RIGHT ARM Leg Spin","23","13","0","0","Do No Play","Do No Play","0","Capped","UnSold"
"Dawid Malan","England","34","BATSMAN","LHB","RIGHT ARM Leg Spin","22","6","36","1","PBKS","PBKS","1","Capped","UnSold"
"Aiden Markram","South Africa","27","BATSMAN","RHB","RIGHT ARM Off Spin","29","35","20","6","PBKS","PBKS","6","Capped","SRH"
"Eoin Morgan","England","35","BATSMAN","LHB","RIGHT ARM Medium","16","246","113","83","RCB, SRH,KXIP, KKR","KKR","17","Capped","UnSold"
"Cheteshwar Pujara","India","34","BATSMAN","RHB","RIGHT ARM Leg Spin","95","5","0","30","KKR, RCB, KXIP, CSK","CSK","0","Capped","UnSold"
"Ajinkya Rahane","India","33","BATSMAN","RHB","na","82","90","20","151","MI, RPS, RR, DC","DC","2","Capped","KKR"
"Mandeep Singh","India","30","BATSMAN","RHB","RIGHT ARM Medium","0","0","3","105","RCB, PBKS","PBKS","1","Capped","DC"
"Saurabh Tiwary","India","32","BATSMAN","LHB","RIGHT ARM Off Spin","0","3","0","93","RCB,DD,RPS,MI","MI","5","Capped","UnSold"
"Dominic Drakes","West Indies","24","ALLROUNDER","LHB","LEFT ARM Fast","0","0","3","0","CSK","CSK","0","Capped","GT"
"Shivam Dube","India","28","ALLROUNDER","LHB","RIGHT ARM Fast Medium","0","1","13","24","RCB, RR","RR","9","Capped","CSK"
"K Gowtham","India","33","ALLROUNDER","RHB","RIGHT ARM Off Spin","0","1","0","24","MI, RR, KXIP, CSK","CSK","0","Capped","LSG"
"Marco Jansen","South Africa","21","ALLROUNDER","RHB","LEFT ARM Fast","3","1","0","2","MI","MI","2","Capped","SRH"
"Chris Jordan","England","33","ALLROUNDER","RHB","RIGHT ARM Fast Medium","8","34","71","24","RCB, SRH, PBKS","PBKS","4","Capped","CSK"
"Liam Livingstone","England","28","ALLROUNDER","RHB","RIGHT ARM Leg Spin","0","3","14","9","RR","RR","5","Capped","PK"
"James Neesham","New Zealand","31","ALLROUNDER","LHB","RIGHT ARM Fast Medium","12","66","38","12","DD, KXIP, MI","MI","3","Capped","RR"
"Vijay Shankar","India","31","ALLROUNDER","RHB","RIGHT ARM Fast Medium","0","12","8","47","CSK, DD, SRH","SRH","7","Capped","GT"
"Odean Smith","West Indies","25","ALLROUNDER","RHB","RIGHT ARM Fast","0","3","5","0","Do No Play","Do No Play","0","Capped","PK"
"Jayant Yadav","India","32","ALLROUNDER","RHB","RIGHT ARM Off Spin","5","1","0","19","DD, MI","MI","5","Capped","GT"
"Syed Khaleel Ahmed","India","24","BOWLER","RHB","LEFT ARM Fast","0","11","14","24","DD, SRH","SRH","7","Capped","DC"
"Dushmanta Chameera","Sri Lanka","30","BOWLER","RHB","RIGHT ARM Fast","12","37","39","0","RR","Do No Play","0","Capped","LSG"
"Sheldon Cottrell","West Indies","32","BOWLER","RHB","LEFT ARM Fast Medium","2","38","34","6","KXIP","Do No Play","0","Capped","UnSold"
"Nathan CoulternaNile","Australia","34","BOWLER","RHB","RIGHT ARM Fast Medium","0","32","28","38","DD, KKR, RCB, MI","MI","5","Capped","RR"
"Lungisani Ngidi","South Africa","26","BOWLER","RHB","RIGHT ARM Fast","13","30","23","14","CSK","CSK","3","Capped","DC"
"Navdeep Saini","India","29","BOWLER","RHB","RIGHT ARM Fast","2","8","11","28","DD, RCB","RCB","2","Capped","RR"
"Chetan Sakariya","India","24","BOWLER","LHB","LEFT ARM Fast Medium","0","1","2","14","RR","RR","14","Capped","DC"
"Ishant Sharma","India","33","BOWLER","RHB","RIGHT ARM Fast","105","80","14","93","KKR, DCH,SRH,RPS, KXIP, DC","DC","2","Capped","UnSold"
"Sandeep Sharma","India","28","BOWLER","RHB","RIGHT ARM Fast Medium","0","0","2","99","KXIP, SRH","SRH","13","Capped","PK"
"Jaydev Unadkat","India","30","BOWLER","RHB","LEFT ARM Fast Medium","1","7","10","86","KKR,RCB, DD, RPS, RR","RR","6","Capped","MI"
"Qais Ahmad","Afghanistan","21","BOWLER","RHB","RIGHT ARM Leg Spin","1","0","1","0","Do No Play","Do No Play","0","Capped","UnSold"
"Piyush Chawla","India","33","BOWLER","LHB","RIGHT ARM Leg Spin","3","25","7","165","KXIP, KKR, CSK, MI","MI","1","Capped","UnSold"
"Mayank Markande","India","24","BOWLER","RHB","RIGHT ARM Leg Spin","0","0","1","18","MI, RR","RR","1","Capped","MI"
"Shahbaz Nadeem","India","32","BOWLER","RHB","LEFT ARM Slow Orthodox","2","0","0","72","DD, SRH","SRH","1","Capped","LSG"
"Tabraiz Shamsi","South Africa","32","BOWLER","LHB","LEFT ARM Slow Unorthodox","2","28","41","5","RCB, RR","RR","1","Capped","UnSold"
"Karn Sharma","India","34","BOWLER","LHB","RIGHT ARM Leg Spin","1","2","1","68","RCB, SRH, MI, CSK","CSK","0","Capped","RCB"
"Ish Sodhi","New Zealand","29","BOWLER","RHB","RIGHT ARM Leg Spin","17","33","66","8","RR","Do No Play","0","Capped","UnSold"
"Maheesh Theekshana","Sri Lanka","21","BOWLER","RHB","RIGHT ARM Off Spin","0","1","10","0","Do No Play","Do No Play","0","Capped","CSK"
"Sachin Baby","India","33","BATSMAN","LHB","RIGHT ARM Off Spin","0","0","0","19","RR, SRH, RCB","RCB","1","Uncapped","UnSold"
"Ricky Bhui","India","25","BATSMAN","RHB","RIGHT ARM Off Spin","0","0","0","2","SRH","Do No Play","0","Uncapped","UnSold"
"Himanshu Rana","India","23","BATSMAN","RHB","RIGHT ARM Off Spin","0","0","0","0","Do No Play","Do No Play","0","Uncapped","UnSold"
"Harnoor Singh","India","19","BATSMAN","LHB","RIGHT ARM Leg Spin","0","0","0","0","Do No Play","Do No Play","0","Uncapped","UnSold"
"Himmat Singh","India","25","BATSMAN","RHB","RIGHT ARM Off Spin","0","0","0","0","RCB","Do No Play","0","Uncapped","UnSold"
"Rinku Singh","India","24","BATSMAN","LHB","RIGHT ARM Off Spin","0","0","0","11","KKR","Do No Play","0","Uncapped","KKR"
"Virat Singh","India","24","BATSMAN","LHB","RIGHT ARM Off Spin","0","0","0","3","SRH","SRH","3","Uncapped","UnSold"
"Manan Vohra","India","28","BATSMAN","RHB","na","0","0","0","53","KXIP, RCB, RR","RR","4","Uncapped","LSG"
"Raj Angad Bawa","India","19","ALLROUNDER","LHB","RIGHT ARM Fast Medium","0","0","0","0","Do No Play","Do No Play","0","Uncapped","PK"
"Yash Dhull","India","19","ALLROUNDER","RHB","RIGHT ARM Off Spin","0","0","0","0","Do No Play","Do No Play","0","Uncapped","DC"
"Rajvardhan Hangargekar","India","19","ALLROUNDER","RHB","RIGHT ARM Fast","0","0","0","0","Do No Play","Do No Play","0","Uncapped","CSK"
"Mahipal Lomror","India","22","ALLROUNDER","LHB","LEFT ARM Slow Orthodox","0","0","0","11","RR","RR","4","Uncapped","RCB"
"Darshan Nalkande","India","23","ALLROUNDER","RHB","RIGHT ARM Fast Medium","0","0","0","0","PBKS","PBKS","0","Uncapped","GT"
"Vicky Ostwal","India","19","ALLROUNDER","RHB","LEFT ARM Slow Orthodox","0","0","0","0","Do No Play","Do No Play","0","Uncapped","DC"
"Ripal Patel","India","26","ALLROUNDER","RHB","RIGHT ARM Fast Medium","0","0","0","2","DC","DC","2","Uncapped","DC"
"Anukul Roy","India","23","ALLROUNDER","LHB","LEFT ARM Slow Orthodox","0","0","0","1","MI","MI","0","Uncapped","KKR"
"N Tilak Varma","India","19","ALLROUNDER","LHB","RIGHT ARM Off Spin","0","0","0","0","Do No Play","Do No Play","0","Uncapped","MI"
"Lalit Yadav","India","25","ALLROUNDER","RHB","RIGHT ARM Off Spin","0","0","0","7","DC","DC","7","Uncapped","DC"
"Sanjay Yadav","India","26","ALLROUNDER","LHB","LEFT ARM Slow Orthodox","0","0","0","0","KKR, SRH","Do No Play","0","Uncapped","MI"
"Yash Dayal","India","24","BOWLER","RHB","LEFT ARM Fast","0","0","0","0","Do No Play","Do No Play","0","Uncapped","GT"
"Arzan Nagwaswalla","India","24","BOWLER","RHB","LEFT ARM Fast Medium","0","0","0","0","Do No Play","Do No Play","0","Uncapped","UnSold"
"Kuldeep Sen","India","25","BOWLER","RHB","RIGHT ARM Fast Medium","0","0","0","0","Do No Play","Do No Play","0","Uncapped","RR"
"Akash Singh","India","19","BOWLER","RHB","LEFT ARM Fast","0","0","0","1","RR","RR","1","Uncapped","UnSold"
"Simarjeet Singh","India","24","BOWLER","RHB","RIGHT ARM Fast","0","0","0","0","MI","MI","0","Uncapped","CSK"
"Yash Thakur","India","23","BOWLER","RHB","RIGHT ARM Fast Medium","0","0","0","0","Do No Play","Do No Play","0","Uncapped","UnSold"
"Vasu Vats","India","19","BOWLER","RHB","RIGHT ARM Fast Medium","0","0","0","0","Do No Play","Do No Play","0","Uncapped","UnSold"
"Mujtaba Yousuf","India","19","BOWLER","LHB","LEFT ARM Fast","0","0","0","0","Do No Play","Do No Play","0","Uncapped","UnSold"
"Finn Allen","New Zealand","22","BATSMAN","RHB","RIGHT ARM Off Spin","0","0","6","0","RCB","RCB","0","Capped","RCB"
"Devon Conway","New Zealand","30","BATSMAN","LHB","RIGHT ARM Medium","5","3","20","0","Do No Play","Do No Play","0","Capped","CSK"
"Alex Hales","England","33","BATSMAN","RHB","na","11","70","60","6","MI, SRH","Do No Play","0","Capped","KKR"
"Evin Lewis","West Indies","30","BATSMAN","LHB","na","0","57","50","21","MI, RR","RR","5","Capped","LSG"
"Chris Lynn","Australia","31","BATSMAN","RHB","LEFT ARM Slow Orthodox","0","4","18","42","DCH, KKR, MI","MI","1","Capped","UnSold"
"Karun Nair","India","30","BATSMAN","RHB","RIGHT ARM Off Spin","6","2","0","73","RCB, RR, DD, KXIP, KKR","KKR","0","Capped","RR"
"Rovman Powell","West Indies","28","BATSMAN","RHB","RIGHT ARM Fast Medium","0","37","33","0","KKR","Do No Play","0","Capped","DC"
"Rassie Van Der Dussen","South Africa","33","BATSMAN","RHB","RIGHT ARM Off Spin","13","30","34","0","Do No Play","Do No Play","0","Capped","RR"
"Najibullah Zadran","Afghanistan","29","BATSMAN","LHB","RIGHT ARM Off Spin","0","70","68","0","Do No Play","Do No Play","0","Capped","UnSold"
"Jofra Archer","England","27","ALLROUNDER","RHB","RIGHT ARM Fast","13","17","12","35","RR","RR","0","Capped","MI"
"Charith Asalanka","Sri Lanka","24","ALLROUNDER","LHB","RIGHT ARM Leg Spin","1","8","9","0","Do No Play","Do No Play","0","Capped","UnSold"
"Rishi Dhawan","India","32","ALLROUNDER","RHB","RIGHT ARM Fast Medium","0","3","1","26","MI, KXIP, KKR","Do No Play","0","Capped","PK"
"George Garton","England","24","ALLROUNDER","LHB","LEFT ARM Fast","0","0","1","5","RCB","RCB","5","Capped","UnSold"
"Daryl Mitchell","New Zealand","30","ALLROUNDER","RHB","RIGHT ARM Medium","6","3","25","0","Do No Play","Do No Play","0","Capped","RR"
"Dwaine Pretorius","South Africa","33","ALLROUNDER","RHB","RIGHT ARM Fast Medium","3","22","22","0","Do No Play","Do No Play","0","Capped","CSK"
"Sherfane Rutherford","West Indies","23","ALLROUNDER","LHB","RIGHT ARM Medium","0","0","6","7","DC, MI","Do No Play","0","Capped","RCB"
"Daniel Sams","Australia","29","ALLROUNDER","RHB","LEFT ARM Fast Medium","0","0","4","5","DC, RCB","RCB","2","Capped","MI"
"Mitchell Santner","New Zealand","30","ALLROUNDER","LHB","LEFT ARM Slow Orthodox","24","75","62","6","CSK","CSK","0","Capped","CSK"
"Romario Shepherd","West Indies","27","ALLROUNDER","RHB","RIGHT ARM Fast Medium","0","10","9","0","Do No Play","Do No Play","0","Capped","SRH"
"Litton Das","Bangladesh","27","WICKETKEEPER","RHB","na","28","47","46","0","Do No Play","Do No Play","0","Capped","UnSold"
"Niroshan Dickwella","Sri Lanka","28","WICKETKEEPER","LHB","na","45","53","28","0","Do No Play","Do No Play","0","Capped","UnSold"
"Andre Fletcher","West Indies","34","WICKETKEEPER","RHB","na","0","25","54","0","Do No Play","Do No Play","0","Capped","UnSold"
"Rahmanullah Gurbaz","Afghanistan","20","WICKETKEEPER","RHB","na","0","3","18","0","Do No Play","Do No Play","0","Capped","UnSold"
"Shai Hope","West Indies","28","WICKETKEEPER","RHB","na","38","86","15","0","Do No Play","Do No Play","0","Capped","UnSold"
"Heinrich Klaasen","South Africa","30","WICKETKEEPER","RHB","na","0","0","0","7","RR, RCB","Do No Play","0","Capped","UnSold"
"Ben Mcdermott","Australia","27","WICKETKEEPER","RHB","na","0","2","17","0","Do No Play","Do No Play","0","Capped","UnSold"
"Kusal Mendis","Sri Lanka","27","WICKETKEEPER","RHB","RIGHT ARM Leg Spin","47","79","29","0","Do No Play","Do No Play","0","Capped","UnSold"
"Kusal Perera","Sri Lanka","31","WICKETKEEPER","LHB","na","22","107","60","2","RR","Do No Play","0","Capped","UnSold"
"Joshua Philippe","Australia","24","WICKETKEEPER","RHB","na","0","3","10","5","RCB","Do No Play","0","Capped","UnSold"
"Glenn Phillips","New Zealand","25","WICKETKEEPER","RHB","RIGHT ARM Off Spin","1","0","35","3","Do No Play","RR","3","Capped","SRH"
"Tim Seifert","New Zealand","27","WICKETKEEPER","RHB","na","0","3","40","1","KKR","KKR","1","Capped","DC"
"Jason Behrendorff","Australia","31","BOWLER","RHB","LEFT ARM Fast Medium","0","11","9","5","MI, CSK","CSK","0","Capped","RCB"
"Nathan Ellis","Australia","27","BOWLER","RHB","RIGHT ARM Fast Medium","0","0","2","3","PBKS","PBKS","3","Capped","PK"
"Fazalhaq Farooqi","Afghanistan","21","BOWLER","RHB","LEFT ARM Fast Medium","0","0","1","0","Do No Play","Do No Play","0","Capped","SRH"
"Siddharth Kaul","India","31","BOWLER","RHB","RIGHT ARM Fast Medium","0","3","3","54","KKR, DD, SRH","SRH","8","Capped","RCB"
"Obed Mccoy","West Indies","25","BOWLER","LHB","LEFT ARM Fast","0","2","13","0","Do No Play","Do No Play","0","Capped","RR"
"Tymal Mills","England","29","BOWLER","RHB","LEFT ARM Fast","0","0","9","5","RCB","Do No Play","0","Capped","MI"
"Adam Milne","New Zealand","29","BOWLER","RHB","RIGHT ARM Fast","0","40","31","9","RCB, MI","MI","4","Capped","CSK"
"Reece Topley","England","28","BOWLER","RHB","LEFT ARM Fast","0","13","6","0","Do No Play","Do No Play","0","Capped","UnSold"
"Andrew Tye","Australia","35","BOWLER","RHB","RIGHT ARM Fast Medium","0","7","32","27","GL, KXIP, RR","RR","0","Capped","UnSold"
"Sandeep Warrier","India","31","BOWLER","RHB","RIGHT ARM Fast","0","0","1","5","KKR","KKR","1","Capped","UnSold"
"Todd Astle","New Zealand","35","BOWLER","RHB","RIGHT ARM Leg Spin","5","9","5","0","Do No Play","Do No Play","0","Capped","UnSold"
"Akila Dhananjaya","Sri Lanka","28","BOWLER","RHB","RIGHT ARM Off Spin","6","39","31","1","MI","Do No Play","0","Capped","UnSold"
"Zahir Khan","Afghanistan","23","BOWLER","LHB","LEFT ARM Slow Unorthodox","3","1","0","0","RR","Do No Play","0","Capped","UnSold"
"Keshav Maharaj","South Africa","32","BOWLER","RHB","LEFT ARM Slow Orthodox","39","16","8","0","Do No Play","Do No Play","0","Capped","UnSold"
"Waqar Salamkheil","Afghanistan","20","BOWLER","RHB","LEFT ARM Slow Orthodox","1","0","0","0","Do No Play","Do No Play","0","Capped","UnSold"
"Rahul Sharma","India","35","BOWLER","RHB","RIGHT ARM Leg Spin","0","4","2","44","DCH, PWI, DD, CSK","Do No Play","0","Capped","UnSold"
"Hayden Walsh","West Indies","29","BOWLER","LHB","RIGHT ARM Leg Spin","0","13","30","0","Do No Play","Do No Play","0","Capped","UnSold"
"Tanmay Agarwal","India","26","BATSMAN","LHB","RIGHT ARM Leg Spin","0","0","0","0","SRH","Do No Play","0","Uncapped","UnSold"
"Shivam Chauhan","India","24","BATSMAN","RHB","RIGHT ARM Fast Medium","0","0","0","0","Do No Play","Do No Play","0","Uncapped","UnSold"
"Nikhil Gangta","India","29","BATSMAN","RHB","RIGHT ARM Off Spin","0","0","0","0","Do No Play","Do No Play","0","Uncapped","UnSold"
"Rohan Kadam","India","27","BATSMAN","LHB","RIGHT ARM Leg Spin","0","0","0","0","Do No Play","Do No Play","0","Uncapped","UnSold"
"Tom KohlernaCadmore","England","27","BATSMAN","RHB","na","0","0","0","0","Do No Play","Do No Play","0","Uncapped","UnSold"
"Priyank Panchal","India","32","BATSMAN","RHB","na","0","0","0","0","Do No Play","Do No Play","0","Uncapped","UnSold"
"Sameer Rizvi","India","18","BATSMAN","RHB","RIGHT ARM Leg Spin","0","0","0","0","Do No Play","Do No Play","0","Uncapped","UnSold"
"Ritwik Roy Chowdhury","India","26","BATSMAN","RHB","na","0","0","0","0","Do No Play","Do No Play","0","Uncapped","UnSold"
"Subhranshu Senapati","India","25","BATSMAN","RHB","RIGHT ARM Fast Medium","0","0","0","0","Do No Play","Do No Play","0","Uncapped","CSK"
"Apoorv Wankhade","India","30","BATSMAN","RHB","RIGHT ARM Medium","0","0","0","0","MI, KKR","Do No Play","0","Uncapped","UnSold"
"Atharva Ankolekar","India","21","ALLROUNDER","LHB","LEFT ARM Slow Orthodox","0","0","0","0","Do No Play","Do No Play","0","Uncapped","UnSold"
"Tim David","Australia","26","ALLROUNDER","RHB","RIGHT ARM Off Spin","0","0","0","1","RCB","RCB","1","Uncapped","MI"
"Pravin Dubey","India","28","ALLROUNDER","RHB","RIGHT ARM Leg Spin","0","0","0","3","RCB, DC","DC","0","Uncapped","DC"
"Prerak Mankad","India","27","ALLROUNDER","RHB","RIGHT ARM Medium","0","0","0","0","Do No Play","Do No Play","0","Uncapped","PK"
"Suyash Prabhudessai","India","24","ALLROUNDER","RHB","RIGHT ARM Fast Medium","0","0","0","0","RCB","RCB","0","Uncapped","RCB"
"Ramandeep Singh","India","24","ALLROUNDER","RHB","RIGHT ARM Fast","0","0","0","0","Do No Play","Do No Play","0","Uncapped","MI"
"B Sai Sudharsan","India","20","ALLROUNDER","LHB","RIGHT ARM Leg Spin","0","0","0","0","Do No Play","Do No Play","0","Uncapped","GT"
"Atharva Taide","India","21","ALLROUNDER","LHB","LEFT ARM Slow Orthodox","0","0","0","0","Do No Play","Do No Play","0","Uncapped","PK"
"Tanay Thyagarajan","India","26","ALLROUNDER","LHB","LEFT ARM Slow Orthodox","0","0","0","0","Do No Play","Do No Play","0","Uncapped","UnSold"
"Ankush Bains","India","26","WICKETKEEPER","RHB","na","0","0","0","0","RPS, DC","Do No Play","0","Uncapped","UnSold"
"Prashant Chopra","India","29","WICKETKEEPER","RHB","RIGHT ARM Leg Spin","0","0","0","2","RR","Do No Play","0","Uncapped","UnSold"
"Kedar Devdhar","India","32","WICKETKEEPER","RHB","na","0","0","0","1","DCH","Do No Play","0","Uncapped","UnSold"
"Shreevats Goswami","India","32","WICKETKEEPER","LHB","na","0","0","0","31","RCB, KKR, RR, SRH","SRH","0","Uncapped","UnSold"
"Dhruv Jurel","India","21","WICKETKEEPER","RHB","na","0","0","0","0","Do No Play","Do No Play","0","Uncapped","RR"
"Aryan Juyal","India","20","WICKETKEEPER","RHB","na","0","0","0","0","Do No Play","Do No Play","0","Uncapped","MI"
"Akshdeep Nath","India","28","WICKETKEEPER","RHB","na","0","0","0","14","GL, KXIP, RCB","Do No Play","0","Uncapped","UnSold"
"Luvnith Sisodia","India","22","WICKETKEEPER","LHB","RIGHT ARM Off Spin","0","0","0","0","Do No Play","Do No Play","0","Uncapped","RCB"
"Aditya Tare","India","34","WICKETKEEPER","RHB","na","0","0","0","35","SRH,DD, MI","MI","0","Uncapped","UnSold"
"Upendra Singh Yadav","India","25","WICKETKEEPER","RHB","RIGHT ARM Off Spin","0","0","0","0","Do No Play","Do No Play","0","Uncapped","UnSold"
"Vaibhav Arora","India","24","BOWLER","RHB","RIGHT ARM Fast Medium","0","0","0","0","KKR","KKR","0","Uncapped","PK"
"Mukesh Choudhary","India","25","BOWLER","LHB","LEFT ARM Fast","0","0","0","0","Do No Play","Do No Play","0","Uncapped","CSK"
"Rasikh Dar","India","22","BOWLER","RHB","RIGHT ARM Fast Medium","0","0","0","1","MI","Do No Play","0","Uncapped","KKR"
"Ben Dwarshuis","Australia","27","BOWLER","LHB","LEFT ARM Fast","0","0","0","0","KXIP, DC","Do No Play","0","Uncapped","UnSold"
"Pankaj Jaswal","India","26","BOWLER","RHB","RIGHT ARM Fast Medium","0","0","0","0","MI","Do No Play","0","Uncapped","UnSold"
"Mohsin Khan","India","23","BOWLER","LHB","LEFT ARM Fast Medium","0","0","0","0","MI","MI","0","Uncapped","LSG"
"Lukman Hussain Meriwala","India","30","BOWLER","LHB","LEFT ARM Fast Medium","0","0","0","1","DC","DC","1","Uncapped","UnSold"
"Chama Milind","India","27","BOWLER","LHB","LEFT ARM Fast","0","0","0","0","SRH, DD","Do No Play","0","Uncapped","RCB"
"Vyshak Vijay Kumar","India","25","BOWLER","RHB","RIGHT ARM Fast Medium","0","0","0","0","Do No Play","Do No Play","0","Uncapped","UnSold"
"Mayank Yadav","India","19","BOWLER","RHB","RIGHT ARM Fast Medium","0","0","0","0","Do No Play","Do No Play","0","Uncapped","LSG"
"Zeeshan Ansari","India","22","BOWLER","RHB","RIGHT ARM Leg Spin","0","0","0","0","Do No Play","Do No Play","0","Uncapped","UnSold"
"Tejas Baroka","India","26","BOWLER","RHB","RIGHT ARM Leg Spin","0","0","0","1","GL","Do No Play","0","Uncapped","RR"
"Yuvraj Chudasama","India","26","BOWLER","LHB","RIGHT ARM Leg Spin","0","0","0","0","Do No Play","Do No Play","0","Uncapped","UnSold"
"Dharmendrasinh Jadeja","India","31","BOWLER","LHB","LEFT ARM Slow Orthodox","0","0","0","0","Do No Play","Do No Play","0","Uncapped","UnSold"
"Khrievitso Kense","India","18","BOWLER","RHB","RIGHT ARM Leg Spin","0","0","0","0","Do No Play","Do No Play","0","Uncapped","UnSold"
"Prince Balwant Rai","India","22","BOWLER","RHB","RIGHT ARM Leg Spin","0","0","0","0","MI","Do No Play","0","Uncapped","UnSold"
"Pardeep Sahu","India","36","BOWLER","RHB","RIGHT ARM Leg Spin","0","0","0","5","RR, KXIP","Do No Play","0","Uncapped","UnSold"
"Jalaj Saxena","India","35","BOWLER","RHB","RIGHT ARM Off Spin","0","0","0","1","MI, RCB, DC,PBKS","PBKS","1","Uncapped","UnSold"
"Prashant Solanki","India","22","BOWLER","RHB","RIGHT ARM Leg Spin","0","0","0","0","Do No Play","Do No Play","0","Uncapped","CSK"
"Midhun Sudhesan","India","27","BOWLER","RHB","RIGHT ARM Leg Spin","0","0","0","1","RR","Do No Play","0","Uncapped","UnSold"
"Martin Guptill","New Zealand","35","BATSMAN","RHB","na","47","186","112","13","MI,KXIP,SRH","Do No Play","0","Capped","UnSold"
"Usman Khawaja","Australia","35","BATSMAN","LHB","RIGHT ARM Off Spin","46","40","9","6","RPS","Do No Play","0","Capped","UnSold"
"Brandon King","West Indies","27","BATSMAN","RHB","RIGHT ARM Off Spin","0","4","14","0","Do No Play","Do No Play","0","Capped","UnSold"
"Janneman Malan","South Africa","25","BATSMAN","RHB","RIGHT ARM Off Spin","0","12","11","0","Do No Play","Do No Play","0","Capped","UnSold"
"Bhanuka Rajapaksa","Sri Lanka","30","BATSMAN","LHB","na","0","5","18","0","Do No Play","Do No Play","0","Capped","PK"
"Rilee Rossouw","South Africa","32","BATSMAN","LHB","RIGHT ARM Off Spin","0","36","15","5","RCB","Do No Play","0","Capped","UnSold"
"Paul Stirling","Ireland","31","BATSMAN","RHB","RIGHT ARM Off Spin","3","136","94","0","Do No Play","Do No Play","0","Capped","UnSold"
"Hanuma Vihari","India","28","BATSMAN","RHB","RIGHT ARM Off Spin","13","0","0","24","SRH, DC","Do No Play","0","Capped","UnSold"
"James Vince","England","31","BATSMAN","RHB","na","13","19","12","0","Do No Play","Do No Play","0","Capped","UnSold"
"Hazratullah Zazai","Afghanistan","24","BATSMAN","LHB","na","0","16","20","0","Do No Play","Do No Play","0","Capped","UnSold"
"Fabian Allen","West Indies","26","ALLROUNDER","RHB","LEFT ARM Slow Orthodox","0","17","28","4","Do No Play","Do No Play","0","Capped","MI"
"Roston Chase","West Indies","30","ALLROUNDER","RHB","RIGHT ARM Off Spin","43","33","3","0","Do No Play","Do No Play","0","Capped","UnSold"
"Ben Cutting","Australia","35","ALLROUNDER","RHB","RIGHT ARM Fast Medium","0","4","7","21","RR, SRH, MI, KKR","KKR","0","Capped","UnSold"
"Lewis Gregory","England","29","ALLROUNDER","RHB","RIGHT ARM Fast Medium","0","3","9","0","Do No Play","Do No Play","0","Capped","UnSold"
"Moises Henriques","Australia","35","ALLROUNDER","RHB","RIGHT ARM Fast Medium","4","16","24","62","KKR, DD, RCB, SRH, PBKS","PBKS","5","Capped","UnSold"
"Akeal Hosein","West Indies","28","ALLROUNDER","LHB","LEFT ARM Slow Orthodox","0","12","13","0","Do No Play","Do No Play","0","Capped","UnSold"
"Karim Janat","Afghanistan","23","ALLROUNDER","RHB","RIGHT ARM Fast Medium","0","1","32","0","Do No Play","Do No Play","0","Capped","UnSold"
"Scott Kuggeleijn","New Zealand","30","ALLROUNDER","RHB","RIGHT ARM Fast","0","2","18","2","CSK, RCB","RCB","0","Capped","UnSold"
"Pawan Negi","India","29","ALLROUNDER","LHB","LEFT ARM Slow Orthodox","0","0","1","50","CSK, DD, RCB, KKR","KKR","0","Capped","UnSold"
"Gurkeerat Singh","India","31","ALLROUNDER","RHB","RIGHT ARM Off Spin","0","3","0","41","Do No Play","KKR","0","Capped","GT"
"Sean Abbott","Australia","30","BOWLER","RHB","RIGHT ARM Fast","0","2","7","2","RCB","Do No Play","0","Capped","SRH"
"Taskin Ahmed","Bangladesh","27","BOWLER","LHB","RIGHT ARM Fast","8","42","33","0","Do No Play","Do No Play","0","Capped","UnSold"
"Marchant De Lange","South Africa","31","BOWLER","RHB","RIGHT ARM Fast","2","4","6","5","KKR, MI","Do No Play","0","Capped","UnSold"
"Alzarri Joseph","West Indies","25","BOWLER","RHB","RIGHT ARM Fast","17","40","0","3","MI","Do No Play","0","Capped","GT"
"Dhawal Kulkarni","India","33","BOWLER","RHB","RIGHT ARM Fast Medium","0","12","2","92","GL, RR, MI","MI","1","Capped","UnSold"
"Saqib Mahmood","England","25","BOWLER","RHB","RIGHT ARM Fast","0","7","9","0","Do No Play","Do No Play","0","Capped","UnSold"
"Riley Meredith","Australia","25","BOWLER","RHB","RIGHT ARM Fast","0","1","5","5","PBKS","PBKS","5","Capped","MI"
"Kane Richardson","Australia","31","BOWLER","RHB","RIGHT ARM Fast Medium","0","25","26","15","PWI, RR, RCB","RCB","1","Capped","UnSold"
"Tim Southee","New Zealand","33","BOWLER","RHB","RIGHT ARM Fast","83","143","92","43","CSK, RR, MI, RCB, KKR","KKR","3","Capped","KKR"
"Naveen Ul Haq","Afghanistan","22","BOWLER","RHB","RIGHT ARM Fast Medium","0","7","13","0","Do No Play","Do No Play","0","Capped","UnSold"
"Harpreet Bhatia","India","30","BATSMAN","LHB","RIGHT ARM Medium","0","0","0","4","KKR, PWI, RCB","Do No Play","0","Uncapped","UnSold"
"Rahul Buddhi","India","24","BATSMAN","LHB","RIGHT ARM Leg Spin","0","0","0","0","Do No Play","Do No Play","0","Uncapped","MI"
"Sudip Chatterjee","India","30","BATSMAN","LHB","RIGHT ARM Leg Spin","0","0","0","0","Do No Play","Do No Play","0","Uncapped","UnSold"
"Hiten Dalal","India","27","BATSMAN","RHB","RIGHT ARM Leg Spin","0","0","0","0","Do No Play","Do No Play","0","Uncapped","UnSold"
"Abhimanyu Easwaran","India","26","BATSMAN","RHB","RIGHT ARM Leg Spin","0","0","0","0","Do No Play","Do No Play","0","Uncapped","UnSold"
"Laurie Evans","England","34","BATSMAN","RHB","na","0","0","0","0","Do No Play","Do No Play","0","Uncapped","UnSold"
"Rahul Gahlaut","India","26","BATSMAN","LHB","RIGHT ARM Off Spin","0","0","0","0","Do No Play","Do No Play","0","Uncapped","UnSold"
"Amandeep Khare","India","24","BATSMAN","RHB","RIGHT ARM Fast Medium","0","0","0","0","Do No Play","Do No Play","0","Uncapped","UnSold"
"Mayank Rawat","India","22","BATSMAN","RHB","RIGHT ARM Off Spin","0","0","0","0","Do No Play","Do No Play","0","Uncapped","UnSold"
"Dhruv Shorey","India","29","BATSMAN","RHB","RIGHT ARM Off Spin","0","0","0","2","CSK","Do No Play","0","Uncapped","UnSold"
"Ayush Badoni","India","22","ALLROUNDER","RHB","RIGHT ARM Off Spin","0","0","0","0","Do No Play","Do No Play","0","Uncapped","LSG"
"Aneeshwar Gautam","India","19","ALLROUNDER","LHB","LEFT ARM Slow Orthodox","0","0","0","0","Do No Play","Do No Play","0","Uncapped","RCB"
"Benny Howell","England","33","ALLROUNDER","RHB","RIGHT ARM Medium","0","0","0","0","Do No Play","Do No Play","0","Uncapped","PK"
"Hayden Kerr","Australia","25","ALLROUNDER","RHB","LEFT ARM Fast Medium","0","0","0","0","Do No Play","Do No Play","0","Uncapped","UnSold"
"Saurabh Kumar","India","28","ALLROUNDER","LHB","LEFT ARM Slow Orthodox","0","0","0","0","RPS, PBKS","Do No Play","0","Uncapped","UnSold"
"Shams Mulani","India","25","ALLROUNDER","LHB","LEFT ARM Slow Orthodox","0","0","0","0","Do No Play","Do No Play","0","Uncapped","UnSold"
"Dhruv Patel","India","24","ALLROUNDER","RHB","RIGHT ARM Fast Medium","0","0","0","0","Do No Play","Do No Play","0","Uncapped","UnSold"
"Atit Sheth","India","26","ALLROUNDER","RHB","RIGHT ARM Fast Medium","0","0","0","0","Do No Play","Do No Play","0","Uncapped","UnSold"
"Utkarsh Singh","India","23","ALLROUNDER","LHB","RIGHT ARM Off Spin","0","0","0","0","PBKS","Do No Play","0","Uncapped","UnSold"
"David Wiese","Namibia","36","ALLROUNDER","RHB","RIGHT ARM Medium","0","0","0","15","RCB","Do No Play","0","Associate","UnSold"
"Kaif Ahmad","India","24","WICKETKEEPER","RHB","na","0","0","0","0","Do No Play","Do No Play","0","Uncapped","UnSold"
"Shubhum Arora","India","24","WICKETKEEPER","LHB","na","0","0","0","0","Do No Play","Do No Play","0","Uncapped","UnSold"
"Baba Indrajith","India","27","WICKETKEEPER","RHB","na","0","0","0","0","Do No Play","Do No Play","0","Uncapped","KKR"
"Arun Karthick","India","36","WICKETKEEPER","RHB","RIGHT ARM Leg Spin","0","0","0","17","CSK, RCB","Do No Play","0","Uncapped","UnSold"
"Eknath Kerkar","India","28","WICKETKEEPER","RHB","na","0","0","0","0","Do No Play","Do No Play","0","Uncapped","UnSold"
"Kennar Lewis","West Indies","30","WICKETKEEPER","RHB","na","0","0","0","0","Do No Play","Do No Play","0","Uncapped","UnSold"
"Nikhil Naik","India","27","WICKETKEEPER","RHB","na","0","0","0","4","KXIP, KKR","Do No Play","0","Uncapped","UnSold"
"Urvil Patel","India","23","WICKETKEEPER","RHB","na","0","0","0","0","Do No Play","Do No Play","0","Uncapped","UnSold"
"BR Sharath","India","25","WICKETKEEPER","RHB","na","0","0","0","0","Do No Play","Do No Play","0","Uncapped","UnSold"
"KL Shrijith","India","25","WICKETKEEPER","LHB","na","0","0","0","0","Do No Play","Do No Play","0","Uncapped","UnSold"
"Mohit Avasthi","India","29","BOWLER","RHB","RIGHT ARM Fast Medium","0","0","0","0","Do No Play","Do No Play","0","Uncapped","UnSold"
"Sushant Mishra","India","21","BOWLER","LHB","LEFT ARM Fast Medium","0","0","0","0","Do No Play","Do No Play","0","Uncapped","UnSold"
"Matheesha Pathirana","Sri Lanka","19","BOWLER","RHB","RIGHT ARM Fast","0","0","0","0","Do No Play","Do No Play","0","Uncapped","UnSold"
"G Periyasamy","India","28","BOWLER","RHB","RIGHT ARM Fast Medium","0","0","0","0","Do No Play","Do No Play","0","Uncapped","UnSold"
"MHarishankar Reddy","India","23","BOWLER","RHB","RIGHT ARM Fast Medium","0","0","0","0","Do No Play","Do No Play","0","Uncapped","UnSold"
"R Silambarasan","India","29","BOWLER","RHB","RIGHT ARM Fast Medium","0","0","0","0","Do No Play","Do No Play","0","Uncapped","UnSold"
"Aditya Thakare","India","23","BOWLER","RHB","RIGHT ARM Fast Medium","0","0","0","0","Do No Play","Do No Play","0","Uncapped","UnSold"
"Tanveer Ul Haq","India","30","BOWLER","RHB","LEFT ARM Fast","0","0","0","0","Do No Play","Do No Play","0","Uncapped","UnSold"
"Kuldip Yadav","India","25","BOWLER","LHB","LEFT ARM Fast","0","0","0","1","Do No Play","RR","1","Uncapped","RR"
"Prithviraj Yarra","India","24","BOWLER","LHB","LEFT ARM Fast","0","0","0","2","KKR, SRH","Do No Play","0","Uncapped","UnSold"
"Satyajeet Bachhav","India","29","BOWLER","LHB","LEFT ARM Slow Orthodox","0","0","0","0","Do No Play","Do No Play","0","Uncapped","UnSold"
"Chintal Gandhi","India","27","BOWLER","LHB","RIGHT ARM Leg Spin","0","0","0","0","Do No Play","Do No Play","0","Uncapped","UnSold"
"Jacob Lintott","England","28","BOWLER","RHB","LEFT ARM Slow Unorthodox","0","0","0","0","Do No Play","Do No Play","0","Uncapped","UnSold"
"Izharulhuq Naveed","Afghanistan","18","BOWLER","RHB","RIGHT ARM Leg Spin","0","0","0","0","Do No Play","Do No Play","0","Uncapped","UnSold"
"Tanveer Sangha","Australia","20","BOWLER","RHB","RIGHT ARM Leg Spin","0","0","0","0","Do No Play","Do No Play","0","Uncapped","UnSold"
"Manav Suthar","India","19","BOWLER","LHB","LEFT ARM Slow Orthodox","0","0","0","0","Do No Play","Do No Play","0","Uncapped","UnSold"
"Milind Tandon","India","28","BOWLER","RHB","LEFT ARM Slow Unorthodox","0","0","0","0","RPS","Do No Play","0","Uncapped","UnSold"
"Sagar Udeshi","India","35","BOWLER","LHB","LEFT ARM Slow Orthodox","0","0","0","0","Do No Play","Do No Play","0","Uncapped","UnSold"
"Kushaal Wadhwani","India","25","BOWLER","RHB","RIGHT ARM Leg Spin","0","0","0","0","Do No Play","Do No Play","0","Uncapped","UnSold"
"Akshay Wakhare","India","36","BOWLER","RHB","RIGHT ARM Off Spin","0","0","0","0","Do No Play","Do No Play","0","Uncapped","UnSold"
"Darren Bravo","West Indies","33","BATSMAN","LHB","na","56","119","22","1","KKR","Do No Play","0","Capped","UnSold"
"Shamrah Brooks","West Indies","33","BATSMAN","RHB","RIGHT ARM Leg Spin","8","3","3","0","Do No Play","Do No Play","0","Capped","UnSold"
"Avishka Fernando","Sri Lanka","24","BATSMAN","RHB","RIGHT ARM Medium","0","26","30","0","Do No Play","Do No Play","0","Capped","UnSold"
"Zubayr Hamza","South Africa","26","BATSMAN","RHB","RIGHT ARM Leg Spin","5","1","0","0","Do No Play","Do No Play","0","Capped","UnSold"
"Pathum Nissaanka","Sri Lanka","23","BATSMAN","RHB","RIGHT ARM Off Spin","6","9","12","0","Do No Play","Do No Play","0","Capped","UnSold"
"Kurtis Patterson","Australia","29","BATSMAN","LHB","na","2","0","0","0","Do No Play","Do No Play","0","Capped","UnSold"
"Hashmatullah Shahidi","Afghanistan","27","BATSMAN","LHB","RIGHT ARM Off Spin","5","44","4","0","Do No Play","Do No Play","0","Capped","UnSold"
"Manoj Tiwary","India","36","BATSMAN","RHB","RIGHT ARM Leg Spin","0","12","3","98","DD, KKR, RPS, KXIP","Do No Play","0","Capped","UnSold"
"Ashton Agar","Australia","28","ALLROUNDER","LHB","LEFT ARM Slow Orthodox","4","15","40","0","Do No Play","Do No Play","0","Capped","UnSold"
"Carlos Brathwaite","West Indies","33","ALLROUNDER","RHB","RIGHT ARM Fast","3","44","41","16","DD, SRH, KKR","Do No Play","0","Capped","UnSold"
"Kedar Jadhav","India","37","ALLROUNDER","RHB","RIGHT ARM Off Spin","0","73","9","93","KTK, DD, RCB, CSK, SRH","SRH","7","Capped","UnSold"
"Chamika Karunaratne","Sri Lanka","25","ALLROUNDER","RHB","RIGHT ARM Fast Medium","1","10","14","0","Do No Play","Do No Play","0","Capped","KKR"
"Colin Munro","New Zealand","35","ALLROUNDER","LHB","RIGHT ARM Medium","1","57","65","13","KKR, DC","Do No Play","0","Capped","UnSold"
"Gulbadin Naib","Afghanistan","30","ALLROUNDER","RHB","RIGHT ARM Medium","0","68","53","0","Do No Play","Do No Play","0","Capped","UnSold"
"Keemo Paul","West Indies","24","ALLROUNDER","RHB","RIGHT ARM Fast","3","29","20","8","DC","Do No Play","0","Capped","UnSold"
"Parvez Rasool","India","33","ALLROUNDER","RHB","RIGHT ARM Off Spin","0","1","1","11","PWI,SRH, RCB","Do No Play","0","Capped","UnSold"
"Dasun Shanaka","Sri Lanka","30","ALLROUNDER","RHB","RIGHT ARM Medium","6","34","57","0","Do No Play","Do No Play","0","Capped","UnSold"
"David Willey","England","32","ALLROUNDER","LHB","LEFT ARM Fast Medium","0","52","32","3","CSK","Do No Play","0","Capped","RCB"
"Varun Aaron","India","32","BOWLER","RHB","RIGHT ARM Fast","9","9","0","50","DD, RCB,KXIP, RR","Do No Play","0","Capped","GT"
"Wesley Agar","Australia","25","BOWLER","RHB","RIGHT ARM Fast","0","2","0","0","Do No Play","Do No Play","0","Capped","UnSold"
"Shoriful Islam","Bangladesh","20","BOWLER","LHB","LEFT ARM Fast Medium","0","0","1","0","Do No Play","Do No Play","0","Capped","UnSold"
"Josh Little","Ireland","22","BOWLER","RHB","LEFT ARM Fast Medium","0","19","27","0","Do No Play","Do No Play","0","Capped","UnSold"
"Blessing Muzarabani","Zimbabwe","25","BOWLER","RHB","RIGHT ARM Fast","6","27","21","0","Do No Play","Do No Play","0","Capped","UnSold"
"Jayden Seales","West Indies","20","BOWLER","LHB","RIGHT ARM Fast","4","0","0","0","Do No Play","Do No Play","0","Capped","UnSold"
"Mohit Sharma","India","33","BOWLER","RHB","RIGHT ARM Fast Medium","0","26","8","86","KXIP, CSK, DC","Do No Play","0","Capped","UnSold"
"Barinder Sran","India","29","BOWLER","LHB","LEFT ARM Fast Medium","0","6","2","24","RR, SRH, KXIP, MI","Do No Play","0","Capped","UnSold"
"Billy Stanlake","Australia","27","BOWLER","LHB","RIGHT ARM Fast","0","7","19","6","RCB, SRH","Do No Play","0","Capped","UnSold"
"Neil Wagner","New Zealand","36","BOWLER","LHB","LEFT ARM Fast Medium","54","0","0","0","Do No Play","Do No Play","0","Capped","UnSold"
"Qamran Iqbal","India","20","BATSMAN","RHB","RIGHT ARM Leg Spin","0","0","0","0","Do No Play","Do No Play","0","Uncapped","UnSold"
"Ishank Jaggi","India","33","BATSMAN","RHB","na","0","0","0","7","DCH, KKR","Do No Play","0","Uncapped","UnSold"
"Rohan Kunnummal","India","23","BATSMAN","RHB","RIGHT ARM Off Spin","0","0","0","0","Do No Play","Do No Play","0","Uncapped","UnSold"
"Tanmay Mishra","India","35","BATSMAN","RHB","RIGHT ARM Off Spin","0","0","0","1","DCH","Do No Play","0","Uncapped","UnSold"
"Yash Nahar","India","27","BATSMAN","RHB","RIGHT ARM Off Spin","0","0","0","0","Do No Play","Do No Play","0","Uncapped","UnSold"
"Shubham Singh Rohilla","India","24","BATSMAN","LHB","RIGHT ARM Leg Spin","0","0","0","0","Do No Play","Do No Play","0","Uncapped","UnSold"
"Alex Ross","Australia","29","BATSMAN","RHB","RIGHT ARM Off Spin","0","0","0","0","Do No Play","Do No Play","0","Uncapped","UnSold"
"R Samarth","India","29","BATSMAN","RHB","RIGHT ARM Off Spin","0","0","0","0","Do No Play","Do No Play","0","Uncapped","SRH"
"Naushad Shaikh","India","30","BATSMAN","RHB","RIGHT ARM Off Spin","0","0","0","0","Do No Play","Do No Play","0","Uncapped","UnSold"
"Abhijeet Tomar","India","27","BATSMAN","RHB","RIGHT ARM Off Spin","0","0","0","0","Do No Play","Do No Play","0","Uncapped","KKR"
"Baba Aparajith","India","27","ALLROUNDER","RHB","RIGHT ARM Off Spin","0","0","0","0","RPS","Do No Play","0","Uncapped","UnSold"
"Prayas Barman","India","19","ALLROUNDER","RHB","RIGHT ARM Leg Spin","0","0","0","1","RCB","Do No Play","0","Uncapped","UnSold"
"Yudhvir Charak","India","24","ALLROUNDER","RHB","RIGHT ARM Fast Medium","0","0","0","0","MI","MI","0","Uncapped","UnSold"
"Shubhang Hegde","India","21","ALLROUNDER","LHB","LEFT ARM Slow Orthodox","0","0","0","0","Do No Play","Do No Play","0","Uncapped","UnSold"
"Roosh Kalaria","India","29","ALLROUNDER","RHB","LEFT ARM Fast Medium","0","0","0","0","Do No Play","Do No Play","0","Uncapped","UnSold"
"Aman Khan","India","25","ALLROUNDER","RHB","RIGHT ARM Fast Medium","0","0","0","0","Do No Play","Do No Play","0","Uncapped","KKR"
"Tanush Kotian","India","23","ALLROUNDER","RHB","RIGHT ARM Off Spin","0","0","0","0","Do No Play","Do No Play","0","Uncapped","UnSold"
"Pradeep Sangwan","India","31","ALLROUNDER","RHB","LEFT ARM Fast","0","0","0","39","DD, GL, MI","Do No Play","0","Uncapped","GT"
"Kaushal Tambe","India","19","ALLROUNDER","RHB","RIGHT ARM Off Spin","0","0","0","0","Do No Play","Do No Play","0","Uncapped","UnSold"
"Shivank Vashisth","India","26","ALLROUNDER","LHB","LEFT ARM Slow Orthodox","0","0","0","0","Do No Play","Do No Play","0","Uncapped","UnSold"
"Rahul Chandrol","India","21","WICKETKEEPER","RHB","na","0","0","0","0","Do No Play","Do No Play","0","Uncapped","UnSold"
"Harvik Desai","India","22","WICKETKEEPER","RHB","na","0","0","0","0","Do No Play","Do No Play","0","Uncapped","UnSold"
"Cam Fletcher","New Zealand","29","WICKETKEEPER","RHB","na","0","0","0","0","Do No Play","Do No Play","0","Uncapped","UnSold"
"Tarang Gohel","India","22","WICKETKEEPER","RHB","na","0","0","0","0","Do No Play","Do No Play","0","Uncapped","UnSold"
"Fazil Makaya","India","25","WICKETKEEPER","RHB","na","0","0","0","0","Do No Play","Do No Play","0","Uncapped","UnSold"
"Ryan Rickelton","South Africa","25","WICKETKEEPER","LHB","na","0","0","0","0","Do No Play","Do No Play","0","Uncapped","UnSold"
"Sandeep Kumar Tomar","India","23","WICKETKEEPER","LHB","RIGHT ARM Off Spin","0","0","0","0","Do No Play","Do No Play","0","Uncapped","UnSold"
"Siddhesh Wath","India","24","WICKETKEEPER","RHB","na","0","0","0","0","Do No Play","Do No Play","0","Uncapped","UnSold"
"Stephen Cheepurupalli","India","28","BOWLER","LHB","LEFT ARM Fast Medium","0","0","0","0","Do No Play","Do No Play","0","Uncapped","UnSold"
"Aniket Choudhary","India","32","BOWLER","RHB","LEFT ARM Fast Medium","0","0","0","5","RCB","Do No Play","0","Uncapped","UnSold"
"Kartikeya Kak","India","25","BOWLER","RHB","RIGHT ARM Fast Medium","0","0","0","0","Do No Play","Do No Play","0","Uncapped","UnSold"
"Ali Khan","USA","31","BOWLER","RHB","RIGHT ARM Fast","0","0","0","0","KKR","Do No Play","0","Associate","UnSold"
"Kulwant Khejroliya","India","30","BOWLER","LHB","LEFT ARM Fast","0","0","0","5","MI, RCB, DC","DC","0","Uncapped","UnSold"
"Ronit More","India","30","BOWLER","RHB","RIGHT ARM Fast Medium","0","0","0","2","CSK","Do No Play","0","Uncapped","UnSold"
"M Nidheesh","India","30","BOWLER","RHB","RIGHT ARM Fast Medium","0","0","0","0","MI","Do No Play","0","Uncapped","UnSold"
"Babasafi Pathan","India","27","BOWLER","RHB","RIGHT ARM Fast","0","0","0","0","Do No Play","Do No Play","0","Uncapped","UnSold"
"Vidyadhar Patil","India","21","BOWLER","RHB","RIGHT ARM Fast Medium","0","0","0","0","Do No Play","Do No Play","0","Uncapped","UnSold"
"Mukesh Kumar Singh","India","28","BOWLER","RHB","RIGHT ARM Fast Medium","0","0","0","0","Do No Play","Do No Play","0","Uncapped","UnSold"
"R Alexandar","India","26","BOWLER","LHB","LEFT ARM Slow Orthodox","0","0","0","0","Do No Play","Do No Play","0","Uncapped","UnSold"
"Adithya Ashok","New Zealand","19","BOWLER","RHB","RIGHT ARM Leg Spin","0","0","0","0","Do No Play","Do No Play","0","Uncapped","UnSold"
"Jasmer Dhankhar","India","23","BOWLER","RHB","RIGHT ARM Leg Spin","0","0","0","0","Do No Play","Do No Play","0","Uncapped","UnSold"
"Prerit Dutta","India","23","BOWLER","LHB","LEFT ARM Slow Orthodox","0","0","0","0","Do No Play","Do No Play","0","Uncapped","UnSold"
"Jon Russ Jaggesar","West Indies","36","BOWLER","RHB","RIGHT ARM Off Spin","0","0","0","0","Do No Play","Do No Play","0","Uncapped","UnSold"
"S Kishan Kumar","India","22","BOWLER","LHB","RIGHT ARM Leg Spin","0","0","0","0","Do No Play","Do No Play","0","Uncapped","UnSold"
"Kevin Koththigoda","Sri Lanka","23","BOWLER","LHB","RIGHT ARM Leg Spin","0","0","0","0","Do No Play","Do No Play","0","Uncapped","UnSold"
"Swaraj Wabale","India","24","BOWLER","RHB","RIGHT ARM Leg Spin","0","0","0","0","Do No Play","Do No Play","0","Uncapped","UnSold"
"Curtis Campher","Ireland","22","ALLROUNDER","RHB","RIGHT ARM Fast Medium","0","13","9","0","Do No Play","Do No Play","0","Capped","UnSold"
"Colin De Grandhomme","New Zealand","35","ALLROUNDER","RHB","RIGHT ARM Fast Medium","26","42","41","25","KKR, RCB","Do No Play","0","Capped","UnSold"
"James Faulkner","Australia","31","ALLROUNDER","RHB","LEFT ARM Medium","1","69","24","60","PWI, KXIP, RR, GL","Do No Play","0","Capped","UnSold"
"Craig Overton","England","27","ALLROUNDER","RHB","RIGHT ARM Fast Medium","6","4","0","0","Do No Play","Do No Play","0","Capped","UnSold"
"Wayne Parnell","South Africa","32","ALLROUNDER","LHB","LEFT ARM Fast Medium","6","66","40","26","PWI, DD","Do No Play","0","Capped","UnSold"
"Samit Patel","England","37","ALLROUNDER","RHB","LEFT ARM Slow Orthodox","6","36","18","0","Do No Play","Do No Play","0","Capped","UnSold"
"Thisara Perera","Sri Lanka","33","ALLROUNDER","LHB","RIGHT ARM Fast Medium","6","166","84","37","CSK, KTK, MI, SRH, KXIP, RPS","Do No Play","0","Capped","UnSold"
"Darcy Short","Australia","31","ALLROUNDER","LHB","LEFT ARM Slow Unorthodox","0","8","23","7","RR","Do No Play","0","Capped","UnSold"
"Murali Vijay","India","38","ALLROUNDER","RHB","RIGHT ARM Off Spin","61","17","9","106","DD, KXIP, CSK","Do No Play","0","Capped","UnSold"
"Jack Wildermuth","Australia","28","ALLROUNDER","RHB","RIGHT ARM Fast Medium","0","0","2","0","Do No Play","Do No Play","0","Capped","UnSold"
"Hamish Bennett","New Zealand","35","BOWLER","LHB","RIGHT ARM Fast Medium","1","19","11","0","Do No Play","Do No Play","0","Capped","UnSold"
"Daryn Dupavillon","South Africa","27","BOWLER","RHB","RIGHT ARM Fast","0","2","0","0","Do No Play","Do No Play","0","Capped","UnSold"
"Fidel Edwards","West Indies","40","BOWLER","RHB","RIGHT ARM Fast","55","50","26","6","DCH","Do No Play","0","Capped","UnSold"
"Hamid Hassan","Afghanistan","34","BOWLER","RHB","RIGHT ARM Fast","0","38","25","0","Do No Play","Do No Play","0","Capped","UnSold"
"Lahiru Kumara","Sri Lanka","25","BOWLER","RHB","RIGHT ARM Fast","23","13","14","0","Do No Play","Do No Play","0","Capped","UnSold"
"Joel Paris","Australia","29","BOWLER","LHB","LEFT ARM Fast Medium","0","2","0","0","Do No Play","Do No Play","0","Capped","UnSold"
"S Sreesanth","India","39","BOWLER","RHB","RIGHT ARM Fast Medium","27","53","10","44","KXIP, KTK, RR","Do No Play","0","Capped","UnSold"
"Oshane Thomas","West Indies","25","BOWLER","LHB","RIGHT ARM Fast","0","20","20","4","RR","Do No Play","0","Capped","UnSold"
"Blair Tickner","New Zealand","28","BOWLER","RHB","RIGHT ARM Fast","0","0","8","0","Do No Play","Do No Play","0","Capped","UnSold"
"Isuru Udana","Sri Lanka","34","BOWLER","RHB","LEFT ARM Fast Medium","0","21","35","10","RCB","Do No Play","0","Capped","UnSold"
"Donavon Ferreira","South Africa","23","BATSMAN","RHB","RIGHT ARM Off Spin","0","0","0","0","Do No Play","Do No Play","0","Uncapped","UnSold"
"Ramesh Kumar","India","23","BATSMAN","LHB","na","0","0","0","0","Do No Play","Do No Play","0","Uncapped","KKR"
"Bhupen Lalwani","India","23","BATSMAN","RHB","na","0","0","0","0","Do No Play","Do No Play","0","Uncapped","UnSold"
"Henan Malik","India","25","BATSMAN","RHB","RIGHT ARM Fast Medium","0","0","0","0","Do No Play","Do No Play","0","Uncapped","UnSold"
"Pukhraj Mann","India","20","BATSMAN","LHB","LEFT ARM Slow Orthodox","0","0","0","0","Do No Play","Do No Play","0","Uncapped","UnSold"
"Shashwat Rawat","India","21","BATSMAN","LHB","RIGHT ARM Fast Medium","0","0","0","0","Do No Play","Do No Play","0","Uncapped","UnSold"
"Pratham Singh","India","29","BATSMAN","LHB","RIGHT ARM Off Spin","0","0","0","0","GL","Do No Play","0","Uncapped","KKR"
"Jake Weatherald","Australia","27","BATSMAN","LHB","RIGHT ARM Leg Spin","0","0","0","0","Do No Play","Do No Play","0","Uncapped","UnSold"
"Writtick Chatterjee","India","29","ALLROUNDER","RHB","RIGHT ARM Off Spin","0","0","0","0","Do No Play","Do No Play","0","Uncapped","PK"
"Gerald Coetzee","South Africa","21","ALLROUNDER","RHB","RIGHT ARM Fast","0","0","0","0","Do No Play","Do No Play","0","Uncapped","UnSold"
"Akshay Karnewar","India","29","ALLROUNDER","LHB","LEFT ARM Slow Orthodox","0","0","0","0","Do No Play","Do No Play","0","Uncapped","UnSold"
"Sumit Kumar","India","26","ALLROUNDER","RHB","RIGHT ARM Fast","0","0","0","0","Do No Play","Do No Play","0","Uncapped","UnSold"
"Abid Mushtaq","India","25","ALLROUNDER","LHB","LEFT ARM Slow Orthodox","0","0","0","0","Do No Play","Do No Play","0","Uncapped","UnSold"
"Lone Muzaffar","India","24","ALLROUNDER","RHB","RIGHT ARM Fast Medium","0","0","0","0","Do No Play","Do No Play","0","Uncapped","UnSold"
"Ninad Rathva","India","23","ALLROUNDER","LHB","LEFT ARM Slow Orthodox","0","0","0","0","Do No Play","Do No Play","0","Uncapped","UnSold"
"Shoun Roger","India","19","ALLROUNDER","RHB","RIGHT ARM Off Spin","0","0","0","0","Do No Play","Do No Play","0","Uncapped","UnSold"
"Hrithik Shokeen","India","21","ALLROUNDER","RHB","RIGHT ARM Off Spin","0","0","0","0","Do No Play","Do No Play","0","Uncapped","MI"
"Shashank Singh","India","30","ALLROUNDER","RHB","RIGHT ARM Medium","0","0","0","0","DD, RR","Do No Play","0","Uncapped","SRH"
"Jaideep Bhambhu","India","23","BOWLER","RHB","RIGHT ARM Fast Medium","0","0","0","0","Do No Play","Do No Play","0","Uncapped","UnSold"
"Nandre Burger","South Africa","26","BOWLER","LHB","LEFT ARM Fast","0","0","0","0","Do No Play","Do No Play","0","Uncapped","UnSold"
"Matt Kelly","Australia","27","BOWLER","RHB","RIGHT ARM Fast Medium","0","0","0","0","KKR","Do No Play","0","Uncapped","UnSold"
"V Koushik","India","29","BOWLER","RHB","RIGHT ARM Fast Medium","0","0","0","0","Do No Play","Do No Play","0","Uncapped","UnSold"
"Akash Madhwal","India","28","BOWLER","RHB","RIGHT ARM Fast Medium","0","0","0","0","Do No Play","Do No Play","0","Uncapped","UnSold"
"Amit Mishra","India","30","BOWLER","RHB","RIGHT ARM Fast Medium","0","0","0","0","RR, GL","Do No Play","0","Uncapped","UnSold"
"Anuj Raj","India","21","BOWLER","RHB","LEFT ARM Fast Medium","0","0","0","0","Do No Play","Do No Play","0","Uncapped","UnSold"
"Abhijeet Saket","India","26","BOWLER","RHB","RIGHT ARM Fast Medium","0","0","0","0","Do No Play","Do No Play","0","Uncapped","UnSold"
"Rahul Shukla","India","31","BOWLER","RHB","RIGHT ARM Fast","0","0","0","7","MI, RR, DD","Do No Play","0","Uncapped","UnSold"
"Nuwan Thushara","Sri Lanka","27","BOWLER","RHB","RIGHT ARM Fast Medium","0","0","0","0","Do No Play","Do No Play","0","Uncapped","UnSold"
"Mark Adnair","Ireland","26","ALLROUNDER","RHB","RIGHT ARM Fast","1","24","31","0","Do No Play","Do No Play","0","Capped","UnSold"
"Hilton Cartwright","Australia","30","ALLROUNDER","RHB","RIGHT ARM Medium","2","2","0","0","Do No Play","Do No Play","0","Capped","UnSold"
"Gareth Delany","Ireland","24","ALLROUNDER","RHB","RIGHT ARM Leg Spin","0","12","29","0","Do No Play","Do No Play","0","Capped","UnSold"
"Danushka Gunatilaka","Sri Lanka","31","ALLROUNDER","LHB","RIGHT ARM Off Spin","8","44","30","0","Do No Play","Do No Play","0","Capped","UnSold"
"Anaru Kitchen","New Zealand","38","ALLROUNDER","RHB","LEFT ARM Slow Orthodox","0","0","5","0","Do No Play","Do No Play","0","Capped","UnSold"
"Dhananjaya Lakshan","Sri Lanka","23","ALLROUNDER","LHB","RIGHT ARM Fast Medium","0","1","0","0","Do No Play","Do No Play","0","Capped","UnSold"
"Sisanda Magala","South Africa","31","ALLROUNDER","RHB","RIGHT ARM Fast","0","1","4","0","Do No Play","Do No Play","0","Capped","UnSold"
"Kyle Mayers","West Indies","29","ALLROUNDER","LHB","RIGHT ARM Fast Medium","10","3","2","0","Do No Play","Do No Play","0","Capped","LSG"
"Andile Phehlukwayo","South Africa","26","ALLROUNDER","LHB","RIGHT ARM Fast Medium","4","71","35","0","Do No Play","Do No Play","0","Capped","UnSold"
"Seekkuge Prasanna","Sri Lanka","36","ALLROUNDER","RHB","RIGHT ARM Leg Spin","1","40","20","0","Do No Play","Do No Play","0","Capped","UnSold"
"Raymon Reifer","West Indies","30","ALLROUNDER","LHB","LEFT ARM Fast Medium","1","5","0","0","Do No Play","Do No Play","0","Capped","UnSold"
"Amit Ali","India","19","ALLROUNDER","RHB","RIGHT ARM Leg Spin","0","0","0","0","Do No Play","Do No Play","0","Uncapped","UnSold"
"Chaitanya Bishnoi","India","27","ALLROUNDER","LHB","LEFT ARM Slow Orthodox","0","0","0","0","CSK","Do No Play","0","Uncapped","UnSold"
"Mayank Dagar","India","25","ALLROUNDER","RHB","LEFT ARM Slow Orthodox","0","0","0","0","KXIP","Do No Play","0","Uncapped","UnSold"
"Migael Pretorius","South Africa","27","ALLROUNDER","RHB","RIGHT ARM Fast Medium","0","0","0","0","Do No Play","Do No Play","0","Uncapped","UnSold"
"Karan Sharma","India","23","ALLROUNDER","RHB","RIGHT ARM Off Spin","0","0","0","0","Do No Play","Do No Play","0","Uncapped","LSG"
"Shivam Sharma","India","28","ALLROUNDER","RHB","RIGHT ARM Off Spin","0","0","0","5","KXIP","Do No Play","0","Uncapped","UnSold"
"Pratyush Singh","India","27","ALLROUNDER","RHB","RIGHT ARM Leg Spin","0","0","0","0","CSK, DD","Do No Play","0","Uncapped","UnSold"
"Sanvir Singh","India","25","ALLROUNDER","RHB","RIGHT ARM Fast Medium","0","0","0","0","Do No Play","Do No Play","0","Uncapped","UnSold"
"Dhrushant Soni","India","26","ALLROUNDER","RHB","RIGHT ARM Fast Medium","0","0","0","0","Do No Play","Do No Play","0","Uncapped","UnSold"
"M Venkatesh","India","21","ALLROUNDER","LHB","RIGHT ARM Fast Medium","0","0","0","0","Do No Play","Do No Play","0","Uncapped","UnSold"
"Bandaru Ayyappa","India","29","BOWLER","RHB","RIGHT ARM Fast Medium","0","0","0","0","DC","Do No Play","0","Uncapped","UnSold"
"Gurnoor Singh Brar","India","21","BOWLER","LHB","RIGHT ARM Fast Medium","0","0","0","0","Do No Play","Do No Play","0","Uncapped","UnSold"
"Akash Choudhary","India","22","BOWLER","RHB","RIGHT ARM Fast Medium","0","0","0","0","Do No Play","Do No Play","0","Uncapped","UnSold"
"Baltej Dhanda","India","31","BOWLER","RHB","RIGHT ARM Fast Medium","0","0","0","0","Do No Play","Do No Play","0","Uncapped","PK"
"Saurabh Dubey","India","24","BOWLER","RHB","LEFT ARM Fast Medium","0","0","0","0","Do No Play","Do No Play","0","Uncapped","SRH"
"Mohit Jangra","India","22","BOWLER","LHB","LEFT ARM Fast Medium","0","0","0","0","Do No Play","Do No Play","0","Uncapped","UnSold"
"Aaqib Khan","India","18","BOWLER","RHB","RIGHT ARM Fast Medium","0","0","0","0","Do No Play","Do No Play","0","Uncapped","UnSold"
"Ruben Trumpelmann","Namibia","24","BOWLER","RHB","LEFT ARM Fast","0","0","0","0","Do No Play","Do No Play","0","Associate","UnSold"
"Brad Wheal","Scotland","25","BOWLER","RHB","RIGHT ARM Fast Medium","0","0","0","0","Do No Play","Do No Play","0","Associate","UnSold"
"Lalit Yadav","India","26","BOWLER","RHB","RIGHT ARM Fast","0","0","0","0","Do No Play","Do No Play","0","Uncapped","DC"
"Auqib Dar","India","25","ALLROUNDER","RHB","RIGHT ARM Fast Medium","0","0","0","0","Do No Play","Do No Play","0","Uncapped","UnSold"
"Chirag Gandhi","India","31","ALLROUNDER","RHB","RIGHT ARM Leg Spin","0","0","0","0","Do No Play","Do No Play","0","Uncapped","UnSold"
"Chris Green","Australia","28","ALLROUNDER","RHB","RIGHT ARM Off Spin","0","0","0","1","KKR","Do No Play","0","Uncapped","UnSold"
"Sijomon Joseph","India","24","ALLROUNDER","LHB","LEFT ARM Slow Orthodox","0","0","0","0","Do No Play","Do No Play","0","Uncapped","UnSold"
"Anirudha Joshi","India","34","ALLROUNDER","RHB","RIGHT ARM Off Spin","0","0","0","0","RCB, RR, DC","DC","0","Uncapped","UnSold"
"Mohd Arshad Khan","India","24","ALLROUNDER","LHB","LEFT ARM Fast Medium","0","0","0","0","Do No Play","Do No Play","0","Uncapped","MI"
"Ansh Patel","India","20","ALLROUNDER","RHB","LEFT ARM Slow Unorthodox","0","0","0","0","Do No Play","Do No Play","0","Uncapped","PK"
"Shubham Sharma","India","25","ALLROUNDER","LHB","LEFT ARM Slow Orthodox","0","0","0","0","Do No Play","Do No Play","0","Uncapped","UnSold"
"Shubham Singh","India","25","ALLROUNDER","RHB","RIGHT ARM Leg Spin","0","0","0","0","Do No Play","Do No Play","0","Uncapped","UnSold"
"KBhagath Varma","India","23","ALLROUNDER","RHB","RIGHT ARM Off Spin","0","0","0","0","CSK","CSK","0","Uncapped","CSK"
"Arpit Guleria","India","24","BOWLER","RHB","RIGHT ARM Fast","0","0","0","0","Do No Play","Do No Play","0","Uncapped","UnSold"
"Vipul Krishna","India","21","BOWLER","RHB","LEFT ARM Fast Medium","0","0","0","0","Do No Play","Do No Play","0","Uncapped","UnSold"
"Safvan Patel","India","23","BOWLER","RHB","LEFT ARM Fast Medium","0","0","0","0","Do No Play","Do No Play","0","Uncapped","UnSold"
"Chinntla Readdi","India","21","BOWLER","RHB","RIGHT ARM Fast Medium","0","0","0","0","Do No Play","Do No Play","0","Uncapped","UnSold"
"Manish Reddy","India","23","BOWLER","RHB","RIGHT ARM Fast Medium","0","0","0","0","Do No Play","Do No Play","0","Uncapped","UnSold"
"Ashok Sharma","India","19","BOWLER","RHB","RIGHT ARM Fast Medium","0","0","0","0","Do No Play","Do No Play","0","Uncapped","KKR"
"Ravi Sharma","India","25","BOWLER","RHB","RIGHT ARM Fast","0","0","0","0","Do No Play","Do No Play","0","Uncapped","UnSold"
"Shubham Singh","India","23","BOWLER","RHB","RIGHT ARM Fast Medium","0","0","0","0","Do No Play","Do No Play","0","Uncapped","UnSold"
"Corbin Bosch","South Africa","27","ALLROUNDER","RHB","RIGHT ARM Fast","0","0","0","0","Do No Play","Do No Play","0","Uncapped","UnSold"
"Nathan McAndrew","Australia","28","ALLROUNDER","RHB","RIGHT ARM Fast Medium","0","0","0","0","Do No Play","Do No Play","0","Uncapped","UnSold"
"Diwesh Pathania","India","32","ALLROUNDER","RHB","RIGHT ARM Medium","0","0","0","0","Do No Play","Do No Play","0","Uncapped","UnSold"
"Shubham Ranjane","India","28","ALLROUNDER","RHB","RIGHT ARM Fast Medium","0","0","0","0","RR","Do No Play","0","Uncapped","UnSold"
"Tom Rogers","Australia","28","ALLROUNDER","LHB","RIGHT ARM Fast Medium","0","0","0","0","Do No Play","Do No Play","0","Uncapped","UnSold"
"Johannes Smit","Namibia","26","ALLROUNDER","RHB","LEFT ARM Medium","0","0","0","0","Do No Play","Do No Play","0","Associate","UnSold"
"Sagar Trivedi","India","30","ALLROUNDER","LHB","RIGHT ARM Fast Medium","0","0","0","0","RR","Do No Play","0","Uncapped","UnSold"
"Harsh Tyagi","India","22","ALLROUNDER","LHB","LEFT ARM Slow Orthodox","0","0","0","0","Do No Play","Do No Play","0","Uncapped","UnSold"
"R Vivek","India","30","ALLROUNDER","RHB","RIGHT ARM Fast Medium","0","0","0","0","Do No Play","Do No Play","0","Uncapped","UnSold"
"RSonu Yadav","India","22","ALLROUNDER","RHB","RIGHT ARM Fast Medium","0","0","0","0","Do No Play","Do No Play","0","Uncapped","UnSold"
"V Athisayaraj","India","29","BOWLER","RHB","RIGHT ARM Fast Medium","0","0","0","0","Do No Play","Do No Play","0","Uncapped","UnSold"
"Ottneil Baartman","South Africa","29","BOWLER","RHB","RIGHT ARM Fast Medium","0","0","0","0","Do No Play","Do No Play","0","Uncapped","UnSold"
"MB Darshan","India","26","BOWLER","RHB","RIGHT ARM Fast Medium","0","0","0","0","Do No Play","Do No Play","0","Uncapped","UnSold"
"V Gowtham","India","19","BOWLER","LHB","LEFT ARM Fast Medium","0","0","0","0","Do No Play","Do No Play","0","Uncapped","UnSold"
"Khwezi Gumede","South Africa","22","BOWLER","RHB","LEFT ARM Fast","0","0","0","0","Do No Play","Do No Play","0","Uncapped","UnSold"
"Liam Guthrie","Australia","24","BOWLER","LHB","LEFT ARM Fast","0","0","0","0","Do No Play","Do No Play","0","Uncapped","UnSold"
"Liam Hatcher","Australia","25","BOWLER","RHB","RIGHT ARM Fast","0","0","0","0","Do No Play","Do No Play","0","Uncapped","UnSold"
"Jay Bista","India","26","ALLROUNDER","RHB","RIGHT ARM Off Spin","0","0","0","0","Do No Play","Do No Play","0","Uncapped","UnSold"
"Saurav Chuahan","India","21","ALLROUNDER","LHB","RIGHT ARM Off Spin","0","0","0","0","Do No Play","Do No Play","0","Uncapped","UnSold"
"Tajinder Dhillon","India","29","ALLROUNDER","RHB","RIGHT ARM Off Spin","0","0","0","0","MI, KXIP","Do No Play","0","Uncapped","UnSold"
"Dikshanshu Negi","India","31","ALLROUNDER","RHB","RIGHT ARM Leg Spin","0","0","0","0","Do No Play","Do No Play","0","Uncapped","UnSold"
"Abhishek Raut","India","35","ALLROUNDER","RHB","RIGHT ARM Leg Spin","0","0","0","22","RR","Do No Play","0","Uncapped","UnSold"
"KV Sasikanth","India","26","ALLROUNDER","RHB","RIGHT ARM Fast Medium","0","0","0","0","Do No Play","Do No Play","0","Uncapped","UnSold"
"Bharat Sharma","India","26","ALLROUNDER","RHB","RIGHT ARM Off Spin","0","0","0","0","Do No Play","Do No Play","0","Uncapped","UnSold"
"Shivam Sharma","India","26","ALLROUNDER","RHB","LEFT ARM Slow Orthodox","0","0","0","5","KXIP","Do No Play","0","Uncapped","UnSold"
"Arjun Tendulkar","India","22","ALLROUNDER","LHB","LEFT ARM Fast Medium","0","0","0","0","MI","MI","0","Uncapped","MI"
"Amit Yadav","India","32","ALLROUNDER","RHB","RIGHT ARM Off Spin","0","0","0","0","KXIP","Do No Play","0","Uncapped","UnSold"
"Manoj Bhandage","India","23","ALLROUNDER","LHB","RIGHT ARM Fast Medium","0","0","0","0","Do No Play","Do No Play","0","Uncapped","UnSold"
"Arun Chaprana","India","28","ALLROUNDER","RHB","RIGHT ARM Medium","0","0","0","0","Do No Play","Do No Play","0","Uncapped","UnSold"
"Ajay Dev Goud","India","22","ALLROUNDER","RHB","RIGHT ARM Fast Medium","0","0","0","0","Do No Play","Do No Play","0","Uncapped","UnSold"
"Divyang Hinganekar","India","28","ALLROUNDER","RHB","LEFT ARM Fast Medium","0","0","0","0","Do No Play","Do No Play","0","Uncapped","UnSold"
"Azim Kazi","India","28","ALLROUNDER","LHB","LEFT ARM Slow Orthodox","0","0","0","0","Do No Play","Do No Play","0","Uncapped","UnSold"
"Sujit Nayak","India","32","ALLROUNDER","LHB","LEFT ARM Slow Orthodox","0","0","0","0","Do No Play","Do No Play","0","Uncapped","UnSold"
"Parth Sahani","India","29","ALLROUNDER","LHB","LEFT ARM Slow Orthodox","0","0","0","0","Do No Play","Do No Play","0","Uncapped","UnSold"
"Ashutosh Sharma","India","23","ALLROUNDER","RHB","RIGHT ARM Fast Medium","0","0","0","0","Do No Play","Do No Play","0","Uncapped","UnSold"
"Vivrant Sharma","India","22","ALLROUNDER","LHB","RIGHT ARM Leg Spin","0","0","0","0","Do No Play","Do No Play","0","Uncapped","UnSold"
"Kumar Kartikeya Singh","India","24","ALLROUNDER","RHB","LEFT ARM Slow Orthodox","0","0","0","0","Do No Play","Do No Play","0","Uncapped","UnSold"
"Ravi Chauhan","India","28","ALLROUNDER","RHB","RIGHT ARM Leg Spin","0","0","0","0","Do No Play","Do No Play","0","Uncapped","UnSold"
"Shubham Garhwal","India","26","ALLROUNDER","LHB","LEFT ARM Slow Orthodox","0","0","0","0","Do No Play","Do No Play","0","Uncapped","RR"
"Shafiqullah Ghafari","Afghanistan","20","ALLROUNDER","RHB","RIGHT ARM Leg Spin","0","0","0","0","Do No Play","Do No Play","0","Uncapped","UnSold"
"M Mohammed","India","30","ALLROUNDER","RHB","RIGHT ARM Fast Medium","0","0","0","0","Do No Play","Do No Play","0","Uncapped","UnSold"
"Pulkit Narang","India","27","ALLROUNDER","RHB","RIGHT ARM Off Spin","0","0","0","0","Do No Play","Do No Play","0","Uncapped","UnSold"
"Pradosh Paul","India","21","ALLROUNDER","LHB","RIGHT ARM Off Spin","0","0","0","0","Do No Play","Do No Play","0","Uncapped","UnSold"
"Pushpendra Singh Rathore","India","20","ALLROUNDER","RHB","RIGHT ARM Fast Medium","0","0","0","0","Do No Play","Do No Play","0","Uncapped","UnSold"
"Jason Sangha","Australia","22","ALLROUNDER","RHB","RIGHT ARM Leg Spin","0","0","0","0","Do No Play","Do No Play","0","Uncapped","UnSold"
"Purnank Tyagi","India","21","ALLROUNDER","RHB","RIGHT ARM Fast Medium","0","0","0","0","Do No Play","Do No Play","0","Uncapped","UnSold"
"Samarth Vyas","India","26","ALLROUNDER","RHB","RIGHT ARM Leg Spin","0","0","0","0","Do No Play","Do No Play","0","Uncapped","UnSold"
"Duan Jansen","South Africa","21","ALLROUNDER","RHB","LEFT ARM Fast","0","0","0","0","Do No Play","Do No Play","0","Uncapped","UnSold"
"Dev Lakra","India","19","ALLROUNDER","RHB","RIGHT ARM Fast Medium","0","0","0","0","Do No Play","Do No Play","0","Uncapped","UnSold"
"Ajay Mandal","India","26","ALLROUNDER","LHB","LEFT ARM Slow Unorthodox","0","0","0","0","Do No Play","Do No Play","0","Uncapped","UnSold"
"Lakhan Raja","India","27","ALLROUNDER","LHB","RIGHT ARM Off Spin","0","0","0","0","Do No Play","Do No Play","0","Uncapped","UnSold"
"Girinath Reddy","India","23","ALLROUNDER","RHB","RIGHT ARM Fast Medium","0","0","0","0","Do No Play","Do No Play","0","Uncapped","UnSold"
"Siddhant Sharma","India","25","ALLROUNDER","LHB","LEFT ARM Medium","0","0","0","0","Do No Play","Do No Play","0","Uncapped","UnSold"
"Matthew Short","Australia","26","ALLROUNDER","RHB","RIGHT ARM Off Spin","0","0","0","0","Do No Play","Do No Play","0","Uncapped","UnSold"
"Anunay Singh","India","29","ALLROUNDER","RHB","RIGHT ARM Fast Medium","0","0","0","0","Do No Play","Do No Play","0","Uncapped","RR"
"Saurin Thakar","India","23","ALLROUNDER","RHB","LEFT ARM Slow Orthodox","0","0","0","0","Do No Play","Do No Play","0","Uncapped","UnSold"
"Nyeem Young","West Indies","21","ALLROUNDER","RHB","RIGHT ARM Medium","0","0","0","0","Do No Play","Do No Play","0","Uncapped","UnSold"
"Yuvraj Chaudhary","India","20","ALLROUNDER","LHB","LEFT ARM Slow Orthodox","0","0","0","0","Do No Play","Do No Play","0","Uncapped","UnSold"
"Khizar Dafedar","India","24","ALLROUNDER","RHB","RIGHT ARM Leg Spin","0","0","0","0","Do No Play","Do No Play","0","Uncapped","UnSold"
"Sahil Dhiwan","India","24","ALLROUNDER","RHB","RIGHT ARM Fast Medium","0","0","0","0","Do No Play","Do No Play","0","Uncapped","UnSold"
"Arjit Gupta","India","32","ALLROUNDER","RHB","RIGHT ARM Off Spin","0","0","0","0","Do No Play","Do No Play","0","Uncapped","UnSold"
"Mickil Jaiswal","India","23","ALLROUNDER","RHB","RIGHT ARM Leg Spin","0","0","0","0","Do No Play","Do No Play","0","Uncapped","UnSold"
"Ryan John","West Indies","24","ALLROUNDER","RHB","RIGHT ARM Fast Medium","0","0","0","0","Do No Play","Do No Play","0","Uncapped","UnSold"
"J Kousik","India","26","ALLROUNDER","RHB","RIGHT ARM Fast Medium","0","0","0","0","Do No Play","Do No Play","0","Uncapped","UnSold"
"Jitender Pal","India","22","ALLROUNDER","RHB","RIGHT ARM Off Spin","0","0","0","0","Do No Play","Do No Play","0","Uncapped","UnSold"
"Jonty Sidhu","India","24","ALLROUNDER","LHB","RIGHT ARM Off Spin","0","0","0","0","Do No Play","Do No Play","0","Uncapped","UnSold"
"Yashovardhan Singh","India","19","ALLROUNDER","RHB","RIGHT ARM Off Spin","0","0","0","0","Do No Play","Do No Play","0","Uncapped","UnSold"
"Beyers Swanepoel","South Africa","23","ALLROUNDER","LHB","RIGHT ARM Fast","0","0","0","0","Do No Play","Do No Play","0","Uncapped","UnSold"
"Pranshu Vijayran","India","26","ALLROUNDER","LHB","RIGHT ARM Fast","0","0","0","0","Do No Play","Do No Play","0","Uncapped","UnSold"
"Ishan Afridi","India","19","ALLROUNDER","RHB","RIGHT ARM Fast","0","0","0","0","Do No Play","Do No Play","0","Uncapped","UnSold"
"Mohammed Afridi","India","23","ALLROUNDER","RHB","RIGHT ARM Fast Medium","0","0","0","0","Do No Play","Do No Play","0","Uncapped","UnSold"
"Prerit Agrawal","India","20","ALLROUNDER","LHB","LEFT ARM Slow Orthodox","0","0","0","0","Do No Play","Do No Play","0","Uncapped","UnSold"
"Aidan Cahill","Australia","19","ALLROUNDER","RHB","RIGHT ARM Fast Medium","0","0","0","0","Do No Play","Do No Play","0","Uncapped","UnSold"
"Mark Deyal","West Indies","28","ALLROUNDER","LHB","RIGHT ARM Off Spin","0","0","0","0","Do No Play","Do No Play","0","Uncapped","UnSold"
"Nidhish Rajagopal","India","22","ALLROUNDER","LHB","RIGHT ARM Fast","0","0","0","0","Do No Play","Do No Play","0","Uncapped","UnSold"
"Bavanaka Sandeep","India","29","ALLROUNDER","LHB","LEFT ARM Slow Orthodox","0","0","0","0","SRH","Do No Play","0","Uncapped","UnSold"
"Safyaan Sharif","Scotland","30","ALLROUNDER","RHB","RIGHT ARM Fast Medium","0","0","0","0","Do No Play","Do No Play","0","Associate","UnSold"
"Henry Shipley","New Zealand","25","ALLROUNDER","RHB","RIGHT ARM Fast Medium","0","0","0","0","Do No Play","Do No Play","0","Uncapped","UnSold"
"Maxwell Swaminathan","India","23","ALLROUNDER","RHB","RIGHT ARM Off Spin","0","0","0","0","Do No Play","Do No Play","0","Uncapped","UnSold"
"Johan Van Dyk","South Africa","28","ALLROUNDER","RHB","RIGHT ARM Fast Medium","0","0","0","0","Do No Play","Do No Play","0","Uncapped","UnSold"
"Dunith Wellalage","Sri Lanka","19","ALLROUNDER","LHB","LEFT ARM Slow Orthodox","0","0","0","0","Do No Play","Do No Play","0","Uncapped","UnSold"
